DROP TABLE IF EXISTS auth_group;
CREATE TABLE auth_group (
    id integer NOT NULL PRIMARY KEY,
    name varchar(80) NOT NULL UNIQUE
);
DROP TABLE IF EXISTS auth_group_permissions;
CREATE TABLE auth_group_permissions (
    id integer NOT NULL PRIMARY KEY,
    group_id integer NOT NULL,
    permission_id integer NOT NULL REFERENCES auth_permission (id),
    UNIQUE (group_id, permission_id)
);
DROP TABLE IF EXISTS auth_message;
CREATE TABLE auth_message (
    id integer NOT NULL PRIMARY KEY,
    user_id integer NOT NULL REFERENCES auth_user (id),
    message text NOT NULL
);
DROP TABLE IF EXISTS auth_permission;
CREATE TABLE auth_permission (
    id integer NOT NULL PRIMARY KEY,
    name varchar(50) NOT NULL,
    content_type_id integer NOT NULL,
    codename varchar(100) NOT NULL,
    UNIQUE (content_type_id, codename)
);
INSERT INTO auth_permission VALUES(1,'Can add permission',1,'add_permission');
INSERT INTO auth_permission VALUES(2,'Can change permission',1,'change_permission');
INSERT INTO auth_permission VALUES(3,'Can delete permission',1,'delete_permission');
INSERT INTO auth_permission VALUES(4,'Can add group',2,'add_group');
INSERT INTO auth_permission VALUES(5,'Can change group',2,'change_group');
INSERT INTO auth_permission VALUES(6,'Can delete group',2,'delete_group');
INSERT INTO auth_permission VALUES(7,'Can add user',3,'add_user');
INSERT INTO auth_permission VALUES(8,'Can change user',3,'change_user');
INSERT INTO auth_permission VALUES(9,'Can delete user',3,'delete_user');
INSERT INTO auth_permission VALUES(13,'Can add content type',5,'add_contenttype');
INSERT INTO auth_permission VALUES(14,'Can change content type',5,'change_contenttype');
INSERT INTO auth_permission VALUES(15,'Can delete content type',5,'delete_contenttype');
INSERT INTO auth_permission VALUES(16,'Can add session',6,'add_session');
INSERT INTO auth_permission VALUES(17,'Can change session',6,'change_session');
INSERT INTO auth_permission VALUES(18,'Can delete session',6,'delete_session');
INSERT INTO auth_permission VALUES(19,'Can add site',7,'add_site');
INSERT INTO auth_permission VALUES(20,'Can change site',7,'change_site');
INSERT INTO auth_permission VALUES(21,'Can delete site',7,'delete_site');
INSERT INTO auth_permission VALUES(22,'Can add log entry',8,'add_logentry');
INSERT INTO auth_permission VALUES(23,'Can change log entry',8,'change_logentry');
INSERT INTO auth_permission VALUES(24,'Can delete log entry',8,'delete_logentry');
INSERT INTO auth_permission VALUES(25,'Can add event',9,'add_event');
INSERT INTO auth_permission VALUES(26,'Can change event',9,'change_event');
INSERT INTO auth_permission VALUES(27,'Can delete event',9,'delete_event');
INSERT INTO auth_permission VALUES(28,'Can add advertisingmethod',10,'add_advertisingmethod');
INSERT INTO auth_permission VALUES(29,'Can change advertisingmethod',10,'change_advertisingmethod');
INSERT INTO auth_permission VALUES(30,'Can delete advertisingmethod',10,'delete_advertisingmethod');
INSERT INTO auth_permission VALUES(31,'Can add member',11,'add_member');
INSERT INTO auth_permission VALUES(32,'Can change member',11,'change_member');
INSERT INTO auth_permission VALUES(33,'Can delete member',11,'delete_member');
INSERT INTO auth_permission VALUES(34,'Can add record',12,'add_record');
INSERT INTO auth_permission VALUES(35,'Can change record',12,'change_record');
INSERT INTO auth_permission VALUES(36,'Can delete record',12,'delete_record');
INSERT INTO auth_permission VALUES(37,'Can add csv import',13,'add_csvimport');
INSERT INTO auth_permission VALUES(38,'Can change csv import',13,'change_csvimport');
INSERT INTO auth_permission VALUES(39,'Can delete csv import',13,'delete_csvimport');
INSERT INTO auth_permission VALUES(40,'Can add import model',14,'add_importmodel');
INSERT INTO auth_permission VALUES(41,'Can change import model',14,'change_importmodel');
INSERT INTO auth_permission VALUES(42,'Can delete import model',14,'delete_importmodel');
INSERT INTO auth_permission VALUES(43,'Can add professional event',15,'add_professionalevent');
INSERT INTO auth_permission VALUES(44,'Can add professional record',16,'add_professionalrecord');
INSERT INTO auth_permission VALUES(45,'Can change professional event',15,'change_professionalevent');
INSERT INTO auth_permission VALUES(46,'Can change professional record',16,'change_professionalrecord');
INSERT INTO auth_permission VALUES(47,'Can delete professional event',15,'delete_professionalevent');
INSERT INTO auth_permission VALUES(48,'Can delete professional record',16,'delete_professionalrecord');
DROP TABLE IF EXISTS auth_user;
CREATE TABLE auth_user (
    id integer NOT NULL PRIMARY KEY,
    username varchar(30) NOT NULL UNIQUE,
    first_name varchar(30) NOT NULL,
    last_name varchar(30) NOT NULL,
    email varchar(75) NOT NULL,
    password varchar(128) NOT NULL,
    is_staff bool NOT NULL,
    is_active bool NOT NULL,
    is_superuser bool NOT NULL,
    last_login datetime NOT NULL,
    date_joined datetime NOT NULL
);
INSERT INTO auth_user VALUES(1,'anthony','','','a@a.com','pbkdf2_sha256$10000$8wJH7ag2croM$X492JVGWNGHohjssOCEh7dec3n44FpCFSWjQwl2TZns=',1,1,1,'2012-09-18 17:41:01.411178','2012-02-10 03:39:00.198722');
DROP TABLE IF EXISTS auth_user_groups;
CREATE TABLE auth_user_groups (
    id integer NOT NULL PRIMARY KEY,
    user_id integer NOT NULL,
    group_id integer NOT NULL REFERENCES auth_group (id),
    UNIQUE (user_id, group_id)
);
DROP TABLE IF EXISTS auth_user_user_permissions;
CREATE TABLE auth_user_user_permissions (
    id integer NOT NULL PRIMARY KEY,
    user_id integer NOT NULL,
    permission_id integer NOT NULL REFERENCES auth_permission (id),
    UNIQUE (user_id, permission_id)
);
DROP TABLE IF EXISTS csvimport_csvimport;
CREATE TABLE csvimport_csvimport (
    id integer NOT NULL PRIMARY KEY,
    model_name varchar(255) NOT NULL,
    field_list varchar(255) NOT NULL,
    upload_file varchar(100) NOT NULL,
    file_name varchar(255) NOT NULL,
    encoding varchar(32) NOT NULL,
    upload_method varchar(50) NOT NULL,
    error_log text NOT NULL,
    import_date date NOT NULL,
    import_user varchar(255) NOT NULL
);
DROP TABLE IF EXISTS csvimport_importmodel;
CREATE TABLE csvimport_importmodel (
    id integer NOT NULL PRIMARY KEY,
    csvimport_id integer NOT NULL REFERENCES csvimport_csvimport (id),
    numeric_id integer unsigned NOT NULL,
    natural_key varchar(100) NOT NULL
);
DROP TABLE IF EXISTS django_admin_log;
CREATE TABLE django_admin_log (
    id integer NOT NULL PRIMARY KEY,
    action_time datetime NOT NULL,
    user_id integer NOT NULL REFERENCES auth_user (id),
    content_type_id integer REFERENCES django_content_type (id),
    object_id text,
    object_repr varchar(200) NOT NULL,
    action_flag smallint unsigned NOT NULL,
    change_message text NOT NULL
);
INSERT INTO django_admin_log VALUES(1,'2012-02-10 03:42:03.912043',1,11,'234','1',1,'');
INSERT INTO django_admin_log VALUES(2,'2012-02-10 03:42:40.924360',1,11,'234','a2',2,'Changed pid.');
INSERT INTO django_admin_log VALUES(3,'2012-02-10 03:46:51.098950',1,9,'1','2012-02-10',1,'');
INSERT INTO django_admin_log VALUES(4,'2012-02-10 04:03:32.924504',1,11,'234','a2',3,'');
INSERT INTO django_admin_log VALUES(5,'2012-02-10 22:52:29.238784',1,11,'191','sosso',2,'Changed idnum, pid, email, advertisingmethod, referername, event1_22_11, event9_10_11, event10_27_11, event2_2_2012, eventSocial2_4_2012 and event2_9_2012.');
INSERT INTO django_admin_log VALUES(6,'2012-02-10 22:52:43.344853',1,9,'2','2012-02-10',1,'');
INSERT INTO django_admin_log VALUES(7,'2012-02-10 23:10:50.510671',1,9,'1','2012-02-10',3,'');
INSERT INTO django_admin_log VALUES(8,'2012-02-10 23:21:38.458489',1,11,'234','test',1,'');
INSERT INTO django_admin_log VALUES(9,'2012-02-15 02:07:52.906265',1,9,'19','2012-02-15',1,'');
INSERT INTO django_admin_log VALUES(10,'2012-02-15 02:21:44.246460',1,11,'234','test',2,'Changed idnum and event1_22_11.');
INSERT INTO django_admin_log VALUES(11,'2012-02-15 20:06:04.709466',1,11,'235','karinw',2,'Changed idnum, pid, email, studenttype, membershipexpiration, referername, paymentinfo, event1_22_11, event9_8_11, event9_10_11, event9_15_11, event9_29_11, event10_6_11, event10_13_11, eventsocial10_15, event10_20_11, event10_27_11, event11_3_11, event11_10_11, event12_1_11, event1_19_2012, event1_26_2012, event2_2_2012, eventSocial2_4_2012 and event2_9_2012.');
INSERT INTO django_admin_log VALUES(12,'2012-02-16 17:00:49.511611',1,9,'20','2012-02-16',1,'');
INSERT INTO django_admin_log VALUES(13,'2012-02-16 17:39:29.569462',1,11,'234','test',2,'Changed idnum.');
INSERT INTO django_admin_log VALUES(14,'2012-02-16 21:22:58.672617',1,11,'169','luke6a52@vt.edu',2,'Changed pid, lastname, studenttype, advertisingmethod, referername, event1_22_11, event9_10_11, event9_15_11, event10_6_11 and eventsocial10_15.');
INSERT INTO django_admin_log VALUES(15,'2012-02-16 21:30:49.624106',1,11,'191','sosso',2,'Changed idnum and event1_22_11.');
INSERT INTO django_admin_log VALUES(16,'2012-02-16 21:51:05.732611',1,11,'235','karinw',3,'');
INSERT INTO django_admin_log VALUES(17,'2012-02-20 01:27:51.316185',1,11,'86','',3,'');
INSERT INTO django_admin_log VALUES(18,'2012-02-22 18:32:18.768999',1,9,'21','2012-02-23',1,'');
INSERT INTO django_admin_log VALUES(19,'2012-02-22 18:39:48.581594',1,9,'22','2012-02-22',1,'');
INSERT INTO django_admin_log VALUES(20,'2012-02-23 06:33:51.098899',1,10,'18','Karin Wiles',2,'Changed name.');
INSERT INTO django_admin_log VALUES(21,'2012-02-23 10:02:27.633579',1,9,'21','2012-02-23',3,'');
INSERT INTO django_admin_log VALUES(22,'2012-02-23 10:03:48.299745',1,9,'23','2012-02-23',1,'');
INSERT INTO django_admin_log VALUES(23,'2012-02-23 10:04:45.473253',1,12,'711','Mike Cantrell 2012-02-23',3,'');
INSERT INTO django_admin_log VALUES(24,'2012-02-24 12:25:31.495284',1,9,'24','2012-02-25',1,'');
INSERT INTO django_admin_log VALUES(25,'2012-03-15 19:35:03.347806',1,9,'25','2012-03-15',1,'');
INSERT INTO django_admin_log VALUES(26,'2012-09-10 21:18:09.329265',1,9,'26','2012-09-10',1,'');
INSERT INTO django_admin_log VALUES(27,'2012-09-11 01:19:01.340787',1,9,'27','2012-09-11',1,'');
INSERT INTO django_admin_log VALUES(28,'2012-09-11 13:19:49.642072',1,12,'785','Anthony Sosso 2012-09-11',3,'');
INSERT INTO django_admin_log VALUES(29,'2012-09-11 13:21:35.486789',1,12,'784','Anthony Sosso 2012-09-11',3,'');
INSERT INTO django_admin_log VALUES(30,'2012-09-11 13:21:35.544625',1,12,'783','Anthony Sosso 2012-09-11',3,'');
INSERT INTO django_admin_log VALUES(31,'2012-09-11 13:21:35.564137',1,12,'782','Anthony Sosso 2012-09-11',3,'');
INSERT INTO django_admin_log VALUES(32,'2012-09-11 13:21:35.577200',1,12,'781','Anthony Sosso 2012-09-11',3,'');
INSERT INTO django_admin_log VALUES(33,'2012-09-11 13:21:35.620771',1,12,'780','Anthony Sosso 2012-09-11',3,'');
INSERT INTO django_admin_log VALUES(34,'2012-09-11 13:21:35.633534',1,12,'779','Anthony Sosso 2012-09-11',3,'');
INSERT INTO django_admin_log VALUES(35,'2012-09-11 13:21:35.644688',1,12,'778','Anthony Sosso 2012-09-11',3,'');
INSERT INTO django_admin_log VALUES(36,'2012-09-11 13:21:35.656304',1,12,'777','Anthony Sosso 2012-09-11',3,'');
INSERT INTO django_admin_log VALUES(37,'2012-09-11 13:21:35.666171',1,12,'776','Anthony Sosso 2012-09-11',3,'');
INSERT INTO django_admin_log VALUES(38,'2012-09-11 13:21:35.677709',1,12,'775','Anthony Sosso 2012-09-11',3,'');
INSERT INTO django_admin_log VALUES(39,'2012-09-11 13:22:14.877058',1,12,'773','Anthony Sosso 2012-09-10',3,'');
INSERT INTO django_admin_log VALUES(40,'2012-09-11 13:22:14.941659',1,12,'772','Anthony Sosso 2012-09-10',3,'');
INSERT INTO django_admin_log VALUES(41,'2012-09-11 13:22:14.978033',1,12,'771','Anthony Sosso 2012-09-10',3,'');
INSERT INTO django_admin_log VALUES(42,'2012-09-11 13:32:06.353925',1,9,'27','2012-09-11',1,'');
INSERT INTO django_admin_log VALUES(43,'2012-09-11 13:33:50.005293',1,11,'284','sosso',3,'');
INSERT INTO django_admin_log VALUES(44,'2012-09-11 13:33:50.073292',1,11,'283','sosso',3,'');
INSERT INTO django_admin_log VALUES(45,'2012-09-11 13:33:50.088613',1,11,'282','sosso',3,'');
INSERT INTO django_admin_log VALUES(46,'2012-09-11 13:33:50.102615',1,11,'281','sosso',3,'');
INSERT INTO django_admin_log VALUES(47,'2012-09-11 13:33:50.117912',1,11,'280','sosso',3,'');
INSERT INTO django_admin_log VALUES(48,'2012-09-11 13:33:50.164490',1,11,'279','sosso',3,'');
INSERT INTO django_admin_log VALUES(49,'2012-09-11 13:33:50.185982',1,11,'278','sosso',3,'');
INSERT INTO django_admin_log VALUES(50,'2012-09-11 13:33:50.200803',1,11,'277','sosso',3,'');
INSERT INTO django_admin_log VALUES(51,'2012-09-11 13:33:50.220216',1,11,'276','sosso',3,'');
INSERT INTO django_admin_log VALUES(52,'2012-09-11 13:33:50.239463',1,11,'275','sosso',3,'');
INSERT INTO django_admin_log VALUES(53,'2012-09-11 13:33:50.283825',1,11,'274','sosso',3,'');
INSERT INTO django_admin_log VALUES(54,'2012-09-11 13:33:50.298080',1,11,'273','sosso',3,'');
INSERT INTO django_admin_log VALUES(55,'2012-09-11 13:33:50.318009',1,11,'272','sosso',3,'');
INSERT INTO django_admin_log VALUES(56,'2012-09-11 13:33:50.327846',1,11,'271','sosso',3,'');
INSERT INTO django_admin_log VALUES(57,'2012-09-11 13:33:50.345490',1,11,'270','sosso',3,'');
INSERT INTO django_admin_log VALUES(58,'2012-09-11 13:33:50.356515',1,11,'269','sosso',3,'');
INSERT INTO django_admin_log VALUES(59,'2012-09-11 13:33:50.367460',1,11,'268','sosso',3,'');
INSERT INTO django_admin_log VALUES(60,'2012-09-11 13:33:50.384291',1,11,'267','sosso',3,'');
INSERT INTO django_admin_log VALUES(61,'2012-09-11 13:33:50.394588',1,11,'266','sosso',3,'');
INSERT INTO django_admin_log VALUES(62,'2012-09-11 13:34:00.960360',1,11,'247','test13',3,'');
INSERT INTO django_admin_log VALUES(63,'2012-09-11 13:45:50.629670',1,12,'772','Stephanie Hippert 2012-09-11',3,'');
INSERT INTO django_admin_log VALUES(64,'2012-09-11 13:45:50.702883',1,12,'771','George Buhl 2012-09-11',3,'');
INSERT INTO django_admin_log VALUES(65,'2012-09-18 11:43:30.794071',1,9,'28','2012-09-18',1,'');
INSERT INTO django_admin_log VALUES(66,'2012-09-18 13:58:45.890120',1,15,'1','2012-09-18',1,'');
DROP TABLE IF EXISTS django_content_type;
CREATE TABLE django_content_type (
    id integer NOT NULL PRIMARY KEY,
    name varchar(100) NOT NULL,
    app_label varchar(100) NOT NULL,
    model varchar(100) NOT NULL,
    UNIQUE (app_label, model)
);
INSERT INTO django_content_type VALUES(1,'permission','auth','permission');
INSERT INTO django_content_type VALUES(2,'group','auth','group');
INSERT INTO django_content_type VALUES(3,'user','auth','user');
INSERT INTO django_content_type VALUES(5,'content type','contenttypes','contenttype');
INSERT INTO django_content_type VALUES(6,'session','sessions','session');
INSERT INTO django_content_type VALUES(7,'site','sites','site');
INSERT INTO django_content_type VALUES(8,'log entry','admin','logentry');
INSERT INTO django_content_type VALUES(9,'event','signin','event');
INSERT INTO django_content_type VALUES(10,'advertisingmethod','signin','advertisingmethod');
INSERT INTO django_content_type VALUES(11,'member','signin','member');
INSERT INTO django_content_type VALUES(12,'record','signin','record');
INSERT INTO django_content_type VALUES(13,'csv import','csvimport','csvimport');
INSERT INTO django_content_type VALUES(14,'import model','csvimport','importmodel');
INSERT INTO django_content_type VALUES(15,'professional event','signin','professionalevent');
INSERT INTO django_content_type VALUES(16,'professional record','signin','professionalrecord');
DROP TABLE IF EXISTS django_session;
CREATE TABLE django_session (
    session_key varchar(40) NOT NULL PRIMARY KEY,
    session_data text NOT NULL,
    expire_date datetime NOT NULL
);
INSERT INTO django_session VALUES('44f819bd378290b5474e3fbfba65d784','YWM0NGZjM2U0ZDdjNTU0MDE2OGQ1OGRhYTc4YWU5NmIwZGRiMTc0ODqAAn1xAShVEl9hdXRoX3Vz
ZXJfYmFja2VuZHECVSlkamFuZ28uY29udHJpYi5hdXRoLmJhY2tlbmRzLk1vZGVsQmFja2VuZHED
VQ1fYXV0aF91c2VyX2lkcQRLAXUu
','2012-02-24 03:40:45.275134');
INSERT INTO django_session VALUES('f5d39bb693838adf47734eaabd79dd9b','gAJ9cQFVCnRlc3Rjb29raWVxAlUGd29ya2VkcQNzLmZhN2RmOWQ0NmZkM2QyNWNmOWViZTE3OTA2
NWM1MWYw
','2012-03-01 14:02:52.552031');
INSERT INTO django_session VALUES('6bf53e2f1978346403e8cad19bdf60cf','gAJ9cQEoVRJfYXV0aF91c2VyX2JhY2tlbmRxAlUpZGphbmdvLmNvbnRyaWIuYXV0aC5iYWNrZW5k
cy5Nb2RlbEJhY2tlbmRxA1UNX2F1dGhfdXNlcl9pZHEESwF1LjI0ZDlhYzRmYmU5ZTBhMGFmN2Y5
MzNjMDhjMGUzNGQ5
','2012-03-01 19:34:25.892180');
INSERT INTO django_session VALUES('b529de280913ce5b5800f70cea659141','gAJ9cQEoVRJfYXV0aF91c2VyX2JhY2tlbmRxAlUpZGphbmdvLmNvbnRyaWIuYXV0aC5iYWNrZW5k
cy5Nb2RlbEJhY2tlbmRxA1UNX2F1dGhfdXNlcl9pZHEESwF1LjI0ZDlhYzRmYmU5ZTBhMGFmN2Y5
MzNjMDhjMGUzNGQ5
','2012-03-07 18:31:45.599448');
INSERT INTO django_session VALUES('3a433cf5209839aa5b182296a93e2c84','gAJ9cQFVCnRlc3Rjb29raWVxAlUGd29ya2VkcQNzLmZhN2RmOWQ0NmZkM2QyNWNmOWViZTE3OTA2
NWM1MWYw
','2012-03-08 06:35:40.965196');
INSERT INTO django_session VALUES('405087b81d88efc2d9e8c56d5c609dac','gAJ9cQEoVRJfYXV0aF91c2VyX2JhY2tlbmRxAlUpZGphbmdvLmNvbnRyaWIuYXV0aC5iYWNrZW5k
cy5Nb2RlbEJhY2tlbmRxA1UNX2F1dGhfdXNlcl9pZHEESwF1LjI0ZDlhYzRmYmU5ZTBhMGFmN2Y5
MzNjMDhjMGUzNGQ5
','2012-03-08 10:01:03.567968');
INSERT INTO django_session VALUES('541620bda55afd5aec431aec48454c1c','gAJ9cQEoVRJfYXV0aF91c2VyX2JhY2tlbmRxAlUpZGphbmdvLmNvbnRyaWIuYXV0aC5iYWNrZW5k
cy5Nb2RlbEJhY2tlbmRxA1UNX2F1dGhfdXNlcl9pZHEESwF1LjI0ZDlhYzRmYmU5ZTBhMGFmN2Y5
MzNjMDhjMGUzNGQ5
','2012-03-08 18:07:57.147943');
INSERT INTO django_session VALUES('3ad8a3376893731abd7fc338e8d32322','gAJ9cQEoVRJfYXV0aF91c2VyX2JhY2tlbmRxAlUpZGphbmdvLmNvbnRyaWIuYXV0aC5iYWNrZW5k
cy5Nb2RlbEJhY2tlbmRxA1UNX2F1dGhfdXNlcl9pZHEESwF1LjI0ZDlhYzRmYmU5ZTBhMGFmN2Y5
MzNjMDhjMGUzNGQ5
','2012-03-08 18:11:01.349296');
INSERT INTO django_session VALUES('82c7502113248d18b633c45cb95df960','gAJ9cQEoVRJfYXV0aF91c2VyX2JhY2tlbmRxAlUpZGphbmdvLmNvbnRyaWIuYXV0aC5iYWNrZW5k
cy5Nb2RlbEJhY2tlbmRxA1UNX2F1dGhfdXNlcl9pZHEESwF1LjI0ZDlhYzRmYmU5ZTBhMGFmN2Y5
MzNjMDhjMGUzNGQ5
','2012-03-29 19:34:57.008361');
INSERT INTO django_session VALUES('f5d5cca74e1981fef1e52f93a64f565f','YWM0NGZjM2U0ZDdjNTU0MDE2OGQ1OGRhYTc4YWU5NmIwZGRiMTc0ODqAAn1xAShVEl9hdXRoX3Vz
ZXJfYmFja2VuZHECVSlkamFuZ28uY29udHJpYi5hdXRoLmJhY2tlbmRzLk1vZGVsQmFja2VuZHED
VQ1fYXV0aF91c2VyX2lkcQRLAXUu
','2012-09-24 21:17:57.607097');
INSERT INTO django_session VALUES('a5454474a0ecfbba05ef4da001c6d4f6','YWM0NGZjM2U0ZDdjNTU0MDE2OGQ1OGRhYTc4YWU5NmIwZGRiMTc0ODqAAn1xAShVEl9hdXRoX3Vz
ZXJfYmFja2VuZHECVSlkamFuZ28uY29udHJpYi5hdXRoLmJhY2tlbmRzLk1vZGVsQmFja2VuZHED
VQ1fYXV0aF91c2VyX2lkcQRLAXUu
','2012-10-02 11:43:25.307595');
INSERT INTO django_session VALUES('eeed69351b0c78af870c0b91b0c8933f','YWM0NGZjM2U0ZDdjNTU0MDE2OGQ1OGRhYTc4YWU5NmIwZGRiMTc0ODqAAn1xAShVEl9hdXRoX3Vz
ZXJfYmFja2VuZHECVSlkamFuZ28uY29udHJpYi5hdXRoLmJhY2tlbmRzLk1vZGVsQmFja2VuZHED
VQ1fYXV0aF91c2VyX2lkcQRLAXUu
','2012-10-02 17:06:01.540491');
INSERT INTO django_session VALUES('0b7642b3c860a293bd38da688f7f69d3','YWM0NGZjM2U0ZDdjNTU0MDE2OGQ1OGRhYTc4YWU5NmIwZGRiMTc0ODqAAn1xAShVEl9hdXRoX3Vz
ZXJfYmFja2VuZHECVSlkamFuZ28uY29udHJpYi5hdXRoLmJhY2tlbmRzLk1vZGVsQmFja2VuZHED
VQ1fYXV0aF91c2VyX2lkcQRLAXUu
','2012-10-02 17:38:17.258353');
INSERT INTO django_session VALUES('9273df219110b612692a965cc6d51947','YWM0NGZjM2U0ZDdjNTU0MDE2OGQ1OGRhYTc4YWU5NmIwZGRiMTc0ODqAAn1xAShVEl9hdXRoX3Vz
ZXJfYmFja2VuZHECVSlkamFuZ28uY29udHJpYi5hdXRoLmJhY2tlbmRzLk1vZGVsQmFja2VuZHED
VQ1fYXV0aF91c2VyX2lkcQRLAXUu
','2012-10-02 17:41:01.418750');
DROP TABLE IF EXISTS django_site;
CREATE TABLE django_site (
    id integer NOT NULL PRIMARY KEY,
    domain varchar(100) NOT NULL,
    name varchar(50) NOT NULL
);
INSERT INTO django_site VALUES(1,'example.com','example.com');
DROP TABLE IF EXISTS signin_advertisingmethod;
CREATE TABLE signin_advertisingmethod (
    id integer NOT NULL PRIMARY KEY,
    name varchar(30) NOT NULL
);
INSERT INTO signin_advertisingmethod VALUES(1,'Table Cards (West End)');
INSERT INTO signin_advertisingmethod VALUES(2,'Table Cards (D2)');
INSERT INTO signin_advertisingmethod VALUES(3,'Table Cards (DX)');
INSERT INTO signin_advertisingmethod VALUES(4,'Table Cards (Owens)');
INSERT INTO signin_advertisingmethod VALUES(5,'Table Cards (Hokie Grill)');
INSERT INTO signin_advertisingmethod VALUES(6,'Table Cards (Sbarro)');
INSERT INTO signin_advertisingmethod VALUES(7,'Table Cards (Squires ABP)');
INSERT INTO signin_advertisingmethod VALUES(8,'Table Cards (GLC ABP)');
INSERT INTO signin_advertisingmethod VALUES(9,'A-Frame (West End)');
INSERT INTO signin_advertisingmethod VALUES(10,'A-Frame (D2)');
INSERT INTO signin_advertisingmethod VALUES(11,'A-Frame (Drillfield)');
INSERT INTO signin_advertisingmethod VALUES(12,'A-Frame (McBryde)');
INSERT INTO signin_advertisingmethod VALUES(13,'A-Frame (GBJ)');
INSERT INTO signin_advertisingmethod VALUES(14,'A-Frame (Squires)');
INSERT INTO signin_advertisingmethod VALUES(15,'A-Frame (Library)');
INSERT INTO signin_advertisingmethod VALUES(16,'A-Frame (Owens)');
INSERT INTO signin_advertisingmethod VALUES(17,'test method');
INSERT INTO signin_advertisingmethod VALUES(18,'Karin Wiles');
INSERT INTO signin_advertisingmethod VALUES(19,'Anthony');
INSERT INTO signin_advertisingmethod VALUES(20,'Website');
INSERT INTO signin_advertisingmethod VALUES(21,'bdvtmeeting');
INSERT INTO signin_advertisingmethod VALUES(22,'Kim Schatz');
INSERT INTO signin_advertisingmethod VALUES(23,'Jen Gorce');
INSERT INTO signin_advertisingmethod VALUES(24,'Friend');
INSERT INTO signin_advertisingmethod VALUES(25,'Gobblerfest 2012');
INSERT INTO signin_advertisingmethod VALUES(26,'Gobblerfest 2013');
DROP TABLE IF EXISTS signin_event;
CREATE TABLE signin_event (
    id integer NOT NULL PRIMARY KEY,
    date date NOT NULL
);
INSERT INTO signin_event VALUES(1,'2011-01-22');
INSERT INTO signin_event VALUES(2,'2011-09-08');
INSERT INTO signin_event VALUES(3,'2011-09-10');
INSERT INTO signin_event VALUES(4,'2011-09-15');
INSERT INTO signin_event VALUES(5,'2011-09-29');
INSERT INTO signin_event VALUES(6,'2011-10-06');
INSERT INTO signin_event VALUES(7,'2011-10-13');
INSERT INTO signin_event VALUES(8,'2011-10-15');
INSERT INTO signin_event VALUES(9,'2011-10-20');
INSERT INTO signin_event VALUES(10,'2011-10-27');
INSERT INTO signin_event VALUES(11,'2011-11-03');
INSERT INTO signin_event VALUES(12,'2011-11-10');
INSERT INTO signin_event VALUES(13,'2011-12-01');
INSERT INTO signin_event VALUES(14,'2012-01-19');
INSERT INTO signin_event VALUES(15,'2012-01-26');
INSERT INTO signin_event VALUES(16,'2012-02-02');
INSERT INTO signin_event VALUES(17,'2012-02-04');
INSERT INTO signin_event VALUES(18,'2012-02-09');
INSERT INTO signin_event VALUES(19,'2012-02-15');
INSERT INTO signin_event VALUES(20,'2012-02-16');
INSERT INTO signin_event VALUES(22,'2012-02-22');
INSERT INTO signin_event VALUES(23,'2012-02-23');
INSERT INTO signin_event VALUES(24,'2012-02-25');
INSERT INTO signin_event VALUES(25,'2012-03-15');
INSERT INTO signin_event VALUES(26,'2012-09-10');
INSERT INTO signin_event VALUES(27,'2012-09-11');
INSERT INTO signin_event VALUES(28,'2012-09-18');
DROP TABLE IF EXISTS signin_member;
CREATE TABLE signin_member (membership_expiration_date datetime, first_event_date datetime, id integer PRIMARY KEY, idnum varchar(20), pid varchar(20), firstname varchar(20), lastname varchar(20), email varchar(20), studenttype varchar(20), membershipexpiration varchar(20), advertisingmethod varchar(20), referername varchar(20), paymentinfo varchar(20), event9_8_11 varchar(20), event9_10_11 varchar(20), event9_15_11 varchar(20), event9_29_11 varchar(20), event10_6_11 varchar(20), event10_13_11 varchar(20), eventsocial10_15 varchar(20), event10_20_11 varchar(20), event10_27_11 varchar(20), event11_3_11 varchar(20), event11_10_11 varchar(20), event12_1_11 varchar(20), event1_19_2012 varchar(20), event1_26_2012 varchar(20), event2_2_2012 varchar(20), eventSocial2_4_2012 varchar(20), event2_9_2012 varchar(20), event1_22_11 varchar(20));
INSERT INTO signin_member VALUES('2013-03-17 00:00:00',NULL,1,'','','Katheryn','Abruzzo','kra0828@vt.edu','U','','Anthony','','','','','','','p','','','','','','','','','','','','',NULL);
INSERT INTO signin_member VALUES(NULL,NULL,2,'905608204','','noname','Al-Mamun','samamun@vt.edu','g','12-spring','From Friends','','25','P','','p','p','p','p','','','p','','','p','p','p','p','','p',NULL);
INSERT INTO signin_member VALUES(NULL,NULL,3,'905400080','','Jeremy','Almeter','','U','12-Spring','','','25','p','p','p','','','p','','p','p','','','p','p','p','','p','p',NULL);
INSERT INTO signin_member VALUES(NULL,NULL,4,'','','Nick','Ascosi','ascosi8@vt.edu','U','','Dining Card','','','','','','','p','','','','','','','','','','','','',NULL);
INSERT INTO signin_member VALUES(NULL,NULL,5,'','','Sima','Azarani','sima4@vt.edu','','12-Spring','','','25','p','','','','','','','','','','','','','','','','',NULL);
INSERT INTO signin_member VALUES(NULL,NULL,6,'','','Puranjoy','Bhattacharjee','puran@vt.edu','G','11 fall','','','15','p','x','','P','p','p','','p','p','p','','p','','','','','',NULL);
INSERT INTO signin_member VALUES(NULL,NULL,7,'','','Matthew','Blower','test','','','','','','','','','','','','','','','','','','','p','','','',NULL);
INSERT INTO signin_member VALUES(NULL,NULL,8,'','','Bryan','Blue','','U','','Kelsy Trimble','','','','','','','p','','','','','','','','','','','','',NULL);
INSERT INTO signin_member VALUES(NULL,NULL,9,'','','Jenna','Boyer','jmb9tb@virginia.edu','','','','','','','','','','','','','','p','','','','','','','','',NULL);
INSERT INTO signin_member VALUES(NULL,NULL,10,'','','Racis','Breeze','','','','','','','p','p','','','','','','','','','','','','p','','','',NULL);
INSERT INTO signin_member VALUES(NULL,NULL,11,'','','Joanna','Brindise','brindise@vt.edu','U','','','','','','','','','p','','','','','','','','','','','','',NULL);
INSERT INTO signin_member VALUES(NULL,NULL,12,'','','Cameron','Brooks','camero59@vt.edu','','','','','','','','','','','','','','','','','','','','','','',NULL);
INSERT INTO signin_member VALUES(NULL,NULL,13,'','','Pat','Brousseau','','','','','','','p','','','','','','','','','','','','','','','','',NULL);
INSERT INTO signin_member VALUES(NULL,NULL,14,'','','Rachel','Brown','','','','','','','p','','','','','','','','','','','','','','','','',NULL);
INSERT INTO signin_member VALUES(NULL,NULL,15,'','','Lorenza','Brunfield','','','','','','','','','','','','','','p','','','','','','','','','',NULL);
INSERT INTO signin_member VALUES(NULL,NULL,16,'','','Melissa','Brunfield','','','','','','','','','','','','','','p','','','','','','','','','',NULL);
INSERT INTO signin_member VALUES(NULL,NULL,17,'','','Adrienne','Brunger','abrunger@vt.edu','','','','','','p','','p','','','','','','','','','','','','','','',NULL);
INSERT INTO signin_member VALUES(NULL,NULL,18,'','','Marina','Burkova','','','','','','','','x','p','','','','','','','','','','','','','','',NULL);
INSERT INTO signin_member VALUES(NULL,NULL,19,'','','John','Butler','','','','','','','','','','','','','','','','','','','','','','','',NULL);
INSERT INTO signin_member VALUES('2013-09-13 00:00:00',NULL,20,'905508985','','Beth','Cameron','','u','','','','','','x','','P','p','','','','p','','','','p','P','p','','',NULL);
INSERT INTO signin_member VALUES(NULL,NULL,21,'','','Keith','Canales','','','','','','','p','','p','','','','','','','','','','','','','','',NULL);
INSERT INTO signin_member VALUES(NULL,NULL,22,'905287726','','Mike','Cantrell','','u','','','','','p','p','p','p','p','p','','p','p','p','p','p','p','p','','','p',NULL);
INSERT INTO signin_member VALUES(NULL,NULL,23,'','','Lindsay','Carr','','','','','','','p','','','','','','','','','','','','','','','','',NULL);
INSERT INTO signin_member VALUES(NULL,NULL,24,'','','Eleonor','Cayford','ecayford@yahoo.com','','','Jen Groce','','','','','','','','','','','','','','','','','','','',NULL);
INSERT INTO signin_member VALUES(NULL,NULL,25,'','','Eleonor','Cayford','eleonorc@vt.edu','g','','','','','','','','','','','','p','','p','p','','','','','','',NULL);
INSERT INTO signin_member VALUES(NULL,NULL,26,'','','Brian','Chang','brianc91@vt.edu','u','','','','','','x','','','','','','','','','','','','','','p','',NULL);
INSERT INTO signin_member VALUES(NULL,NULL,27,'','','Gloria','Cheng','gchneg08@vt.edu','','','','','','','','','','','','','','','','','','','','','','',NULL);
INSERT INTO signin_member VALUES(NULL,NULL,28,'','','Jose','Claros','marce623@vt.edu','U','','','','','','','','','','','','','','','','','','','','p','',NULL);
INSERT INTO signin_member VALUES(NULL,NULL,29,'905561882','','Kristen','Clermont','','','','','','','','','','','','','','','','','','','','','p','','',NULL);
INSERT INTO signin_member VALUES(NULL,NULL,30,'','','Lisa','Cooper','','','','','','','','','','p','','','','','','','','','','','','','',NULL);
INSERT INTO signin_member VALUES(NULL,NULL,31,'','','Scotty','Coye','','U','12-Spring','','','25','p','','p','p','p','p','','','p','','','','','','','','',NULL);
INSERT INTO signin_member VALUES(NULL,NULL,32,'','','Charlotte','Crump','chxthump@vt.edu','u','','kim','','','','','','','','','','','p','','','','','','','','',NULL);
INSERT INTO signin_member VALUES(NULL,NULL,33,'','','Jamie','Dalrymple','jamied93@vt.edu','','','Cat','','','','','','','','','','','','','','','p','','','','',NULL);
INSERT INTO signin_member VALUES(NULL,NULL,34,'','','Aaron','Dalton','','','','Katie Sherman','','','','','','','','','','','','','','','p','','','','',NULL);
INSERT INTO signin_member VALUES(NULL,NULL,35,'','','Kathryn','Doebel','kitkat6@vt.edu','','','','','','','','','','','','','','','','','','','p','','','',NULL);
INSERT INTO signin_member VALUES(NULL,NULL,36,'','','Kelly','Drews','kcdrews@vt.edu','u','','','','','','','','','','p','','','p','','','','','','','','',NULL);
INSERT INTO signin_member VALUES(NULL,NULL,37,'905375303','','Aja','Eddins','aevt@vt.edu','','spring 12','','','','p','','p','','','p','','','p','p','p','','','','','','',NULL);
INSERT INTO signin_member VALUES(NULL,NULL,38,'905466821','','Ruthie','Edwards','','','','','','','','','','','','','','','','','','','p','','p','','',NULL);
INSERT INTO signin_member VALUES(NULL,NULL,39,'','','Wesley','Edye','','','','','','','p','','','','','','','','','','','','','','','','',NULL);
INSERT INTO signin_member VALUES(NULL,NULL,40,'','','','Elizabeth Mack','','','','','','','','','','','','','','','','','','','','','','','',NULL);
INSERT INTO signin_member VALUES(NULL,NULL,41,'','','Derek','Ellison','','','','','','','p','','p','','','','','','','','','','','','','','',NULL);
INSERT INTO signin_member VALUES(NULL,NULL,42,'','','Allen','Ernst','','U','','Karin Wiles and Katie Sherman','','','','','','','p','','','','','','','','','','','','',NULL);
INSERT INTO signin_member VALUES(NULL,NULL,43,'905479781','','Bryan','Evans','bryan.evans@vt.edu','u','','Katie Sherman','','','','x','','','','','','','','','','','','','','p','',NULL);
INSERT INTO signin_member VALUES(NULL,NULL,44,'','','Taylor','Everson','taylor10@vt.edu','','','','','','p','','','','','','','','','','','','','','','','',NULL);
INSERT INTO signin_member VALUES(NULL,NULL,45,'','','Jennifer','Fairing','jennsf24@vt.edu','','','','','','','','','p','','p','','','','','','','','','','','',NULL);
INSERT INTO signin_member VALUES(NULL,NULL,46,'','','Derric','Featherstone','','','','','','','p','','','w','','','','','','','','','','','','','',NULL);
INSERT INTO signin_member VALUES(NULL,NULL,47,'','','noname','Felix','fyq@vt.edu','G','','FB','','fall 11','','x','','','p','p','','','','','','','','p','','','',NULL);
INSERT INTO signin_member VALUES(NULL,NULL,48,'','','Scott','Fernandez','','','12-Spring','','','25','p','','','','p','','','','','','','','','','','','',NULL);
INSERT INTO signin_member VALUES(NULL,NULL,49,'','','Kyle','Ferris','','','','','','','','','','','','','','p','','','','','','','','','',NULL);
INSERT INTO signin_member VALUES(NULL,NULL,50,'905615846','','Brenna*','Fitzpatrick','','','','','','','p','','p','','','p','','','','p','p','p','p','p','p','','',NULL);
INSERT INTO signin_member VALUES(NULL,NULL,51,'','','Trish','Foley','','','','','','','p','','','','','','','','','','','','','','','','',NULL);
INSERT INTO signin_member VALUES(NULL,NULL,52,'','','Stephanie','Folkerts','sef1225@vt.edu','U','','','','spring 12','p','','p','p','p','p','','','p','','','','','','','','',NULL);
INSERT INTO signin_member VALUES(NULL,NULL,53,'','','Adrian','Forster','forstera@vt.edu','','','','','','p','','','','','','','','','','','','','','','','',NULL);
INSERT INTO signin_member VALUES(NULL,NULL,54,'','','Ben','Fox','','','','','','','p','','','','','p','','','','','','','','','','','',NULL);
INSERT INTO signin_member VALUES(NULL,NULL,55,'','','Billy','Freer','','','','','','','p','','','','','','','','','','','','','','','','',NULL);
INSERT INTO signin_member VALUES(NULL,NULL,56,'','','Thomas','Friss','thomasf2@vt.edu','','','','','','p','','','','','','','','','','','','','','','','',NULL);
INSERT INTO signin_member VALUES(NULL,NULL,57,'905342644','','Connie','Fu','conni3fu@vt.edu','','','','','','','','','','','','','','','','','','','','p','','',NULL);
INSERT INTO signin_member VALUES(NULL,NULL,58,'','','Becca','Fudtle','','','','','','','p','','','','','','','','','','','','','','','','',NULL);
INSERT INTO signin_member VALUES(NULL,NULL,59,'','','Abby','Garrett','abbyg06@vt.edu','','12-Spring','','','25','','','','p','','p','','','p','','','','','','','','',NULL);
INSERT INTO signin_member VALUES(NULL,NULL,60,'','','Erina','Gateley',NULL,'','','','','','p','p','p','','','','','p','','','','','','','','','',NULL);
INSERT INTO signin_member VALUES(NULL,NULL,61,'','','Abby','Gatet','','','','','','','','x','p','','','','','','','','','','','','','','',NULL);
INSERT INTO signin_member VALUES(NULL,NULL,62,'','','Kelson','Gent','kelsong@vt.edu','','','','','','','','','','','','','','','','','','','','','','',NULL);
INSERT INTO signin_member VALUES(NULL,NULL,63,'','','Andrew','George','abg1331@vt.edu','','','knew emily','','','','','','','','','','','','','p','','','','','','',NULL);
INSERT INTO signin_member VALUES(NULL,NULL,64,'','','Jacob','George','','','12-Spring','','','25','p','p','p','p','p','p','','','','','','','','','','','',NULL);
INSERT INTO signin_member VALUES(NULL,NULL,65,'','','Stacey','Gerben','srgerb@vt.edu','','','','','','','','','','','','','p','p','','','','p','p','','','',NULL);
INSERT INTO signin_member VALUES(NULL,NULL,66,'','','Nick','Gigliotti','nickg93@vt.edu','','','','','','','','','','','p','','','','','','','','','','','',NULL);
INSERT INTO signin_member VALUES(NULL,NULL,67,'','','Corey','Gilbert','','','12 spring','','','25','','','','','','','','p','p','p','','','','','','','',NULL);
INSERT INTO signin_member VALUES(NULL,NULL,68,'','','Liz','Gladwin','egladwin@nanosonic.com','','','','','','','','','','','','','','','','','','','','','','',NULL);
INSERT INTO signin_member VALUES('2012-09-12 00:00:00',NULL,69,'905473186','','Lexi','Glagola','leximr@vt.edu','U','12 spring','','','25','p','p','p','p','p','p','','p','p','p','p','p','p','p','','','',NULL);
INSERT INTO signin_member VALUES(NULL,NULL,70,'','','Katie','Gloe','kgloe@vt.edu','','','','','','p','','','','','','','','','','','','','','','','',NULL);
INSERT INTO signin_member VALUES(NULL,NULL,71,'','','Dan','Goodwin','dangoodwin@vt.edu','u','','tablecard','','','','','','','','','','','p','','','','','','','','',NULL);
INSERT INTO signin_member VALUES(NULL,NULL,72,'905533942','','Jen','Gorce','jen10@vt.edu','u','12-Spring','','','25','p','','p','p','','p','','p','p','p','p','p','p','','','','',NULL);
INSERT INTO signin_member VALUES(NULL,NULL,73,'905417735','','Zachary','Greer','','','12- spring','','','25','p','','p','','','','','p','p','p','','','p','P','p','p','p',NULL);
INSERT INTO signin_member VALUES(NULL,NULL,74,'','','Catherine','Grey','','','','','','','p','','','','','','','','','','','','','P','','','',NULL);
INSERT INTO signin_member VALUES('2012-09-12 00:00:00',NULL,75,'905495278','','Laura','Griffin','','','12-Spring','','','25','','','','p','','p','','p','','','p','p','p','p','','','p',NULL);
INSERT INTO signin_member VALUES(NULL,NULL,76,'905469643','','Jay','Grimm','','u','12-Spring','','','25','p','p','p','p','p','p','','p','p','p','p','','','','p','','p',NULL);
INSERT INTO signin_member VALUES('2013-09-13 00:00:00',NULL,77,'905380540','','Luke','Gusukuma','lukesg08@vt.edu','','12-spring','','','25','p','','p','p','','p','','p','p','p','p','','p','p','p','','p',NULL);
INSERT INTO signin_member VALUES(NULL,NULL,78,'','','Michael','Halstead','mth4all@vt.edu','','','','','','','','','','','','','','','','','','','','','','',NULL);
INSERT INTO signin_member VALUES(NULL,NULL,79,'','','Behzad','Hamidi','','','','','','','','','','p','','','','','','','','','','','','','',NULL);
INSERT INTO signin_member VALUES(NULL,NULL,80,'','','Elmira','Hamidi','hamidi.elmira@gmail.com','','','','','','','','','p','','','','','','','','','','','','','',NULL);
INSERT INTO signin_member VALUES(NULL,NULL,81,'480335484','','Rachel','Hansen','','','','','','','','','','','','','','','','','','','','','','p','',NULL);
INSERT INTO signin_member VALUES(NULL,NULL,82,'905599121','','Talmage','Hansen','','','','','','','','','','','','','','','','','','','','','','p','',NULL);
INSERT INTO signin_member VALUES(NULL,NULL,83,'','','Laura','Harris','','','','','','','p','','','','','','','','','','','','','','','','',NULL);
INSERT INTO signin_member VALUES(NULL,NULL,84,'','','Mohamed','Hassan','','','','','','','p','','','','','','','','','','','','','','','','',NULL);
INSERT INTO signin_member VALUES(NULL,NULL,85,'','','Kathryn','Hastings','','','','','','','p','','','','','','','','','','','','','','','','',NULL);
INSERT INTO signin_member VALUES(NULL,NULL,87,'','','Elizabeth','Hiesler','','U','','anthony','','','','','','','p','','','','','','','','','','','','',NULL);
INSERT INTO signin_member VALUES(NULL,NULL,88,'','','Bryan','Higgs','','','','Karin Wiles','','','','','','','','','','','','','','','p','','','p','',NULL);
INSERT INTO signin_member VALUES(NULL,NULL,89,'','','Bre','Hoisingten','','','','','','','','','','','','','','','','','','','','','','','',NULL);
INSERT INTO signin_member VALUES('2012-09-12 00:00:00',NULL,90,'905603478','','Sasha','Howes','sasha92@vt.edu','u','12-2pring','','','25','p','','p','p','','p','','p','p','','','p','','','p','','p',NULL);
INSERT INTO signin_member VALUES(NULL,NULL,91,'','','Zach','Hricz','zphricz@vt.edu','U','','Karin Wiles','','','','','','','p','','','','','','','','','','','','',NULL);
INSERT INTO signin_member VALUES(NULL,NULL,92,'','','Wesley','Hurd','','','','','','','','','','p','','','','','','','','','','','','','',NULL);
INSERT INTO signin_member VALUES(NULL,NULL,93,'','','Jon','Hutchins','','','','Karin Wiles :)','','','','','','','','','','','','','','','','p','','','',NULL);
INSERT INTO signin_member VALUES(NULL,NULL,94,'','','Tori','Hyde','','U','','','','','','','','','','','','','','','','','','','','','',NULL);
INSERT INTO signin_member VALUES(NULL,NULL,95,'','','Tori','Hyde','','','swing','','','','','','','','','','','','','p','','','','','','','',NULL);
INSERT INTO signin_member VALUES(NULL,NULL,96,'','','Sarah','Iler','ski22@vt.edu','','','','','','p','','','','','','','','','','','','','','','','',NULL);
INSERT INTO signin_member VALUES(NULL,NULL,97,'','','Samantha','Jeffreys','samj91@vt.edu','','','','','','','','','p','','','','','','','','','','','','','',NULL);
INSERT INTO signin_member VALUES(NULL,NULL,98,'','','Eric','Johnson','','','','','','','p','','','','','','','','','','','','','','','','',NULL);
INSERT INTO signin_member VALUES(NULL,NULL,99,'','','Sarah','Johnson','','','','','','','','','','','','','','','','','','','','p','','','',NULL);
INSERT INTO signin_member VALUES(NULL,NULL,100,'','','Mathew','Jones','','','','','','','','','','','','','','p','','','','','','','','','',NULL);
INSERT INTO signin_member VALUES(NULL,NULL,101,'','','Karuna','Joshi','','','','','','','','','','p','','','','','','','','','','','','','',NULL);
INSERT INTO signin_member VALUES(NULL,NULL,102,'','','Kelsey','Joston','','','','','','','p','','p','','','','','','','','','','','','','','',NULL);
INSERT INTO signin_member VALUES(NULL,NULL,103,'','','Matthew','Kennedy','mkenned2@vt.edu','','','tablecard','','','','','','','','','','','p','p','','p','','','','','',NULL);
INSERT INTO signin_member VALUES('2012-09-19 00:00:00',NULL,104,'905513263','','Micah','Kennedy','micah6@vt.edu','','','tablecard','','','','','','','','','','','p','','','','p','p','p','','p',NULL);
INSERT INTO signin_member VALUES(NULL,NULL,105,'','','Trevor','Kennedy','','g','','','','','','','','p','','','','','','','','','','','','','',NULL);
INSERT INTO signin_member VALUES(NULL,NULL,106,'','','Yasamin','Khorramzadeh','yasi@vt.edu','','','','','','','','','','','','','','','','','','','p','','','',NULL);
INSERT INTO signin_member VALUES(NULL,NULL,107,'','','James','Kim.','','','','','','','p','','','','','','','','','','','','','','','','',NULL);
INSERT INTO signin_member VALUES(NULL,NULL,108,'','','Diane','Kjelby','dkjelby3@vt.edu','','','','','','','p','','','','','','','','','','','','','','','',NULL);
INSERT INTO signin_member VALUES(NULL,NULL,109,'','','Lindsey','Konchuba','lindmk4@vt.edu','U','','','','','','','','','p','','','','','','','','','','','','',NULL);
INSERT INTO signin_member VALUES(NULL,NULL,110,'','','Brandon','Kulback','','','swing','','','','','','','p','','','','','p','','','','','p','','','',NULL);
INSERT INTO signin_member VALUES(NULL,NULL,111,'','','Lindsey','Kummer','','','','','','','','','','','','','','','','','','','p','','','','',NULL);
INSERT INTO signin_member VALUES(NULL,NULL,112,'','','Paul','Kurlak','paul@kurlak.com','u','','Katie Abruzzo','','','','','','','p','','','','','','','','','','','','',NULL);
INSERT INTO signin_member VALUES(NULL,NULL,113,'','','Greg','Laplante','grl114@gmail.com','','','Gobblerfest','','','','p','','','','','','','p','','','','','','','','',NULL);
INSERT INTO signin_member VALUES(NULL,NULL,114,'','','Myles','Lawlor','','','','been here before','','','','','','','','','','','','','','','','','','','',NULL);
INSERT INTO signin_member VALUES(NULL,NULL,115,'','','Ki','Lee','','','','','','','p','','','','','','','','','','','','','','','','',NULL);
INSERT INTO signin_member VALUES(NULL,NULL,116,'','','Gao','Lei','','','','','','','p','','','','','','','','','','','','','','','','',NULL);
INSERT INTO signin_member VALUES(NULL,NULL,117,'','','Michael','Levet','mlevet@vt.edu','u','','anthony','','','','','','','','p','','','','','','','','','','','',NULL);
INSERT INTO signin_member VALUES(NULL,NULL,118,'','','Heshan','Lin','','','','','','','','','','','','','','','','','','','','','p','','',NULL);
INSERT INTO signin_member VALUES(NULL,NULL,119,'','','Leah','Linarelli','leah93@vt.edu','','','','','','','','','','','','','p','','','','','','','','','',NULL);
INSERT INTO signin_member VALUES(NULL,NULL,120,'','','Jacob','Llaneras','','','','','','','','','','','','','','p','','','','','','P','','','',NULL);
INSERT INTO signin_member VALUES(NULL,NULL,121,'','','Sarah','Lyon-Hill','sarahlh@vt.edu','','','','','','','x','p','','','','','','','','','','','','','','',NULL);
INSERT INTO signin_member VALUES(NULL,NULL,122,'905491286','','Bri','Lytton','','U','12 spring','','','25','p','x','p','p','p','p','','','p','p','p','p','p','p','p','p','',NULL);
INSERT INTO signin_member VALUES(NULL,NULL,123,'905620699','','Sai','Ma','','','','','','','','','','','','','','','','','','','','','p','','',NULL);
INSERT INTO signin_member VALUES(NULL,NULL,124,'','','Elizabeth','Mack','emack434@vt.edu','u','Swing','Internet Search','','','','x','','p','p','p','','p','p','p','p','p','','','','','p',NULL);
INSERT INTO signin_member VALUES(NULL,NULL,125,'','','Tannistha','Maiti','','','','','','','p','','','','','','','','','','','','','','','','',NULL);
INSERT INTO signin_member VALUES(NULL,NULL,126,'','','Kelly','Marlow','','','','','','','','','','','','','','p','','','','','','','','','',NULL);
INSERT INTO signin_member VALUES(NULL,NULL,127,'','','Grace','Mawyer','','','','','','','','','','','','','','p','','','','','','','','','',NULL);
INSERT INTO signin_member VALUES(NULL,NULL,128,'','','Heather','MccLeivs','','','','','','','p','','p','p','','','','','','','','','','','','','',NULL);
INSERT INTO signin_member VALUES(NULL,NULL,129,'','','Sean','McGrady','','u','','kim','','','','','','','','','','','p','p','','','','','','','',NULL);
INSERT INTO signin_member VALUES(NULL,NULL,130,'905610272','','Benjamin','McMillan','','','12pring','','','25','p','','','p','','','','','','','','','','P','p','','',NULL);
INSERT INTO signin_member VALUES(NULL,NULL,131,'','','Seble','Megussie','','','','','','','p','','','','','','','','','','','','','','','','',NULL);
INSERT INTO signin_member VALUES(NULL,NULL,132,'','','Erik','Miller','','','','','','','','','','','','','','','','','','','','','p','','',NULL);
INSERT INTO signin_member VALUES(NULL,NULL,133,'','','Kim','MinKyong','','','','','','','','','','','','','','','','','','','','p','','','',NULL);
INSERT INTO signin_member VALUES(NULL,NULL,134,'','','Douglas','Minor','','','','','','','','','','','','','','','','','','','p','','','','',NULL);
INSERT INTO signin_member VALUES(NULL,NULL,135,'','','Sameer','Miraliev','','','','karin Wiles','','','','','','','','','','','','','','','p','p','','p','',NULL);
INSERT INTO signin_member VALUES(NULL,NULL,136,'','','Krystalyn','Monton','kjm2010@vt.edu','','','','','','','','','','','p','','','','','','','','','','','',NULL);
INSERT INTO signin_member VALUES(NULL,NULL,137,'','','Pamela','Moore','pmoore34@vt.edu','','','','','','','','','','','','','','p','','','','','','','','',NULL);
INSERT INTO signin_member VALUES(NULL,NULL,138,'','','Sade','Moore','sadem93@vt.edu','U','','Dining card','','','','','','P','p','','','','','','','','','','','','',NULL);
INSERT INTO signin_member VALUES(NULL,NULL,139,'','','Donal','Murphy','donalm91@vt.edu','','11-fall','','','15','p','','p','','','p','','','','','','','','','','','',NULL);
INSERT INTO signin_member VALUES(NULL,NULL,140,'','','Chistopher','Murri','cmurri@vt.edu','','','','','','','','','','','','','p','p','','','','','','','','',NULL);
INSERT INTO signin_member VALUES(NULL,NULL,141,'905548627','','Kirby','Myers','known','G','','Ancestral Knowledge','','','','x','','p','','','','p','p','','','','p','','','p','p',NULL);
INSERT INTO signin_member VALUES(NULL,NULL,142,'','','Gina','Naranjo','elinazu@hotmail.com','','','','','','','','','','','','','','p','','','','','','','','',NULL);
INSERT INTO signin_member VALUES(NULL,NULL,143,'','','Avery','Nelson','','u','','','','','','','','','p','','','','','','','','','','','','',NULL);
INSERT INTO signin_member VALUES(NULL,NULL,144,'','','Bailey','Nelson','','','','','','','p','','','','','','','','','','','','','','','','',NULL);
INSERT INTO signin_member VALUES(NULL,NULL,145,'','','Peter','Nelson','','','','','','','p','','','','','','','','','','','','','','','','',NULL);
INSERT INTO signin_member VALUES(NULL,NULL,146,'','','Duc','Nguyen','','G','12-Spring','','','25','','x','p','p','p','p','','','p','p','','','p','','','','',NULL);
INSERT INTO signin_member VALUES(NULL,NULL,147,'','','Peter','Nixon','','','','','','','p','','','','','','','','','','','','','','','','',NULL);
INSERT INTO signin_member VALUES(NULL,NULL,148,'905461341','','Dylan','Noffsinger','mdylan@vt.edu','u','','kim','','','','','','','','','','','p','','','','','','','','',NULL);
INSERT INTO signin_member VALUES(NULL,NULL,149,'','','Myat','Nyunt','tnmyat2@vt.edu','','','','','','p','','','','','','','','','p','','','p','','p','','',NULL);
INSERT INTO signin_member VALUES(NULL,NULL,150,'','','Matt','O''neil','','U','','Karin Wiles','','','','','','','p','','','','','','','','','','','','',NULL);
INSERT INTO signin_member VALUES(NULL,NULL,151,'','','Chris','Olien','','','swing','','','','p','','','','','','','','','','','','','','','','',NULL);
INSERT INTO signin_member VALUES(NULL,NULL,152,'','','Andrea','Oliver','andrea9@vt.edu','','','','','','p','p','p','p','','','','','','','','','','','','','',NULL);
INSERT INTO signin_member VALUES(NULL,NULL,153,'','','Lera','Oscherov','valeriao@vt.edu','g','','kirby','','','','','','p','','','','','','','','','','','','','',NULL);
INSERT INTO signin_member VALUES(NULL,NULL,154,'','','','PaytonVillescas','','','','','','','','','','','','','','','','','','','','','','','',NULL);
INSERT INTO signin_member VALUES(NULL,NULL,155,'','','Matthew','Peak','','','','','','','p','','','','','','','','','','','','','','','','',NULL);
INSERT INTO signin_member VALUES(NULL,NULL,156,'','','Valerie','Peckarski','vpeck93@vt.edu','','','','','','','','','','','','','','','','','','','','','','',NULL);
INSERT INTO signin_member VALUES(NULL,NULL,157,'','','Darrin','Pillman','darrin62@vt.edu','U','12-Spring','','','25','p','','p','p','p','p','','p','','p','p','p','','','','','',NULL);
INSERT INTO signin_member VALUES(NULL,NULL,158,'','','Nick','Platt','','','','','','','p','','','','','','','','','','','','','','','','',NULL);
INSERT INTO signin_member VALUES(NULL,NULL,159,'','','Douglas','Pudleiner','','','','','','','','','','','','p','','','','','','','','','','','',NULL);
INSERT INTO signin_member VALUES(NULL,NULL,160,'','','Breeze','Racis','bracis@vt.edu','','','','','','p','','','P','','','','p','','','p','','','','','','',NULL);
INSERT INTO signin_member VALUES(NULL,NULL,161,'','','Chris','Ramos','','','','','','','','','','','','','','','','','','','','p','','','',NULL);
INSERT INTO signin_member VALUES(NULL,NULL,162,'','','Pablo','Redden-Gonzalez','pablofrg@vt.edu','','','classes/ internet','','','p','x','','','','','','','','','','','','','','','',NULL);
INSERT INTO signin_member VALUES(NULL,NULL,163,'','','James','Reese','','','','','','','p','','','','','','','','','','','','','','','','',NULL);
INSERT INTO signin_member VALUES(NULL,NULL,164,'905456747','','Chris','Richards','','u','12 spring','','','15','','','','','','','','','','','','','p','p','p','p','p',NULL);
INSERT INTO signin_member VALUES(NULL,NULL,165,'','','Christian','Roa','crroa7@vt.edu','U','','','','','','','','','','','','','','','','','','','','p','',NULL);
INSERT INTO signin_member VALUES(NULL,NULL,166,'','','Ginny','Roach','','','','','','','p','','','','','','','','','','','','','','','','',NULL);
INSERT INTO signin_member VALUES(NULL,NULL,167,'905434322','','Ethan','Robertson','','U','','','','','','','','','','','','','','','','','p','p','p','','',NULL);
INSERT INTO signin_member VALUES('2012-09-19 00:00:00',NULL,168,'905667194','','Mary-Wynn','Rogers','marywynn@vt.edu','u','12 spring','Brit','','25','','','','','','p','','','p','p','p','p','P','P','p','','p',NULL);
INSERT INTO signin_member VALUES('2012-09-19 00:00:00',NULL,169,'905542170','luke6a52@vt.edu','Luke','Routhier','luke6a52@vt.edu','u','12 spring','p','p','25','p','p','p','p','p','p','p','p','p','p','p','p','p','p','p','p','p','p');
INSERT INTO signin_member VALUES(NULL,NULL,170,'','','Christina','Rosanl','','','','','','','','','','','','','','','','','','','','P','','','',NULL);
INSERT INTO signin_member VALUES(NULL,NULL,171,'','','Robin','Roston','rsroston@vt.edu','','','','','','p','','','','','','','','','','','','','','','','',NULL);
INSERT INTO signin_member VALUES(NULL,NULL,172,'905504522','','Travis','Roth','','','','','','','','','','','','','','','','','','','','p','p','','',NULL);
INSERT INTO signin_member VALUES(NULL,NULL,173,'905304423','','Thomas','Ruscher','thrusc@vt.edu','','','','','15','','','','','','','','','','','','','','','p','','p',NULL);
INSERT INTO signin_member VALUES(NULL,NULL,174,'','','Melissa','Ruth','mruth90@vt.edu','','','friend','','','','','','','','','','','','','','','','','','','',NULL);
INSERT INTO signin_member VALUES(NULL,NULL,175,'','','Greg','Ruthton','','','','','','','p','','','','','','','','','','','','','','','','',NULL);
INSERT INTO signin_member VALUES(NULL,NULL,176,'','','courtney','Scarborough','court18@vt.edu','','','','','','','','','','','','','','','','','','','','','','',NULL);
INSERT INTO signin_member VALUES(NULL,NULL,177,'905418752','','Kim','Schatz','','','','','','','','x','p','','','','','p','p','','','','','p','p','','p',NULL);
INSERT INTO signin_member VALUES(NULL,NULL,178,'','','Laurel','Schaefer','laurel91@vt.edu','U','','','','','p','','','p','p','p','','p','p','p','','p','','','','','',NULL);
INSERT INTO signin_member VALUES('2013-09-13 00:00:00',NULL,179,'905571673','','Jason','Scherer','','U','12-Spring','','','25','p','','p','p','p','p','','p','p','p','p','p','p','p','','p','p',NULL);
INSERT INTO signin_member VALUES(NULL,NULL,180,'','','Luaren','Schoener','laurens1@vt.edu','','','','','','','','','','','p','','','','','','','','','p','','',NULL);
INSERT INTO signin_member VALUES(NULL,NULL,181,'','','Kelly','Schofield','','','','','','','','','','','','p','','','','','','','','','','','',NULL);
INSERT INTO signin_member VALUES(NULL,NULL,182,'905679239','','Patrick','Seiler','pseiler@vt.edu','G','12-spring','Internet Search','','25','','x','p','p','p','','','p','p','p','p','p','p','','','p','p',NULL);
INSERT INTO signin_member VALUES(NULL,NULL,183,'','','Enkhsaruul','Sergelenbaatar','saruul04@vt.edu','','','','','','p','','p','','','','','','','','','','','','','','',NULL);
INSERT INTO signin_member VALUES(NULL,NULL,184,'','','Steve','Shaffer','','','','','','','','','','','','','','p','p','','','','','','','','',NULL);
INSERT INTO signin_member VALUES(NULL,NULL,185,'','','Waheed','Sheriff','waheed09@vt.edu','','','website','','','','','','','','','','','','','','','','','','','',NULL);
INSERT INTO signin_member VALUES('2012-09-12 00:00:00',NULL,186,'905402744','','Katie','Sherman','','u','','','','','p','p','p','p','p','p','p','p','p','p','','','p','p','p','p','',NULL);
INSERT INTO signin_member VALUES(NULL,NULL,187,'','','Brittany','Simmons','','','','','','','p','','','','','','','','','','','','','','','','',NULL);
INSERT INTO signin_member VALUES(NULL,NULL,188,'','','Josh','Simon','','','','','','','p','','','','','','','','','','','','','','','','',NULL);
INSERT INTO signin_member VALUES(NULL,NULL,189,'','','Michael','Simonetti','','','','','','','p','','p','','','','','','','','','','','','','','',NULL);
INSERT INTO signin_member VALUES(NULL,NULL,190,'','','Swapna','Sista','swapna27@vt.edu','U','','Karin Wiles and Katie Sherman','','','','x','','','','','','','','','','','','p','','','',NULL);
INSERT INTO signin_member VALUES('2013-03-17 00:00:00',NULL,191,'905489719','sosso','Anthony','Sosso','sosso@vt.edu','U','11 fall','Google','none','15','p','p','p','p','p','p','p','p','p','p','p','p','p','p','p','p','p','p');
INSERT INTO signin_member VALUES(NULL,NULL,192,'','','Michelle','Sparks','','','','','','','p','','','','','','','','','','','','','','','','',NULL);
INSERT INTO signin_member VALUES(NULL,NULL,193,'','','Chelsea','Sponautugle','','','12 spring','Jeremy','','25','','','','','','p','','','','','','','p','','','','',NULL);
INSERT INTO signin_member VALUES(NULL,NULL,194,'905535419','','Tod','Spurgen','','','12 spring','','','20','','','','','','p','','','','','p','p','','','','','',NULL);
INSERT INTO signin_member VALUES(NULL,NULL,195,'','','Chaky','Sriranganathan','csrirang@vt.edu','','','Karin Wiles','','','','x','','','','','','','','','','','','','','','',NULL);
INSERT INTO signin_member VALUES(NULL,NULL,196,'','','Kelsey','Starr','','','','','','','','','','','','p','','p','','p','p','','','','','p','',NULL);
INSERT INTO signin_member VALUES(NULL,NULL,197,'905503432','','Loran','Steinberger','bkwrm215@vt.edu','u','','live in hillcrest','','','','','','','','p','','','','','','','','','','','',NULL);
INSERT INTO signin_member VALUES(NULL,NULL,198,'','','Porter','Stevens','','','','','','','p','','','','','','','','','','','','','','','','',NULL);
INSERT INTO signin_member VALUES(NULL,NULL,199,'','','Jill','Streeter','jill229@vt.edu','','','','','','','','','p','','p','','','','','','','','','','','',NULL);
INSERT INTO signin_member VALUES(NULL,NULL,200,'','','Maria','Sugastti','sugmd11@vt.edu','','','','','','p','','','','','','','','','','','','','','','','',NULL);
INSERT INTO signin_member VALUES(NULL,NULL,201,'','','noname','Sylvia','','','','','','','p','','','','','','','','','','','','','','','','',NULL);
INSERT INTO signin_member VALUES(NULL,NULL,202,'','','Hansen','Talmage','thansen4@vt.edu','Grad','','google search','','','','','','','','','','','','','','','','','','','',NULL);
INSERT INTO signin_member VALUES(NULL,NULL,203,'','','Courtney','Tamaro','cat1992@vt.edu','','','','','','p','','','p','','','','','','','','','','','','','',NULL);
INSERT INTO signin_member VALUES('2012-09-12 00:00:00',NULL,204,'905510576','','Marie-Kristine','Tardif','mktardif@vt.edu','','','','','Paid through Fall','','','','','','','','','','','','','p','p','p','','p',NULL);
INSERT INTO signin_member VALUES(NULL,NULL,205,'','','Hannah','Thomas','','','','friend- Myles','','','','','','','','','','','','','','','','','','','',NULL);
INSERT INTO signin_member VALUES(NULL,NULL,206,'','','Ian','Tillotson','','U','spring 12','','','','','','','p','p','p','','','','','','','','','','','p',NULL);
INSERT INTO signin_member VALUES(NULL,NULL,207,'','','Vladimir','Timoshevskiy','timvl@vt.edu','','10 (couple)','','','10','','','','','','','','','','','','p','','','','','',NULL);
INSERT INTO signin_member VALUES(NULL,NULL,208,'','','Kelsey','Trimble','','U','','','','','','','','','p','','','','','','','','','','','','',NULL);
INSERT INTO signin_member VALUES(NULL,NULL,209,'905428040','','Craig','Tripp','','U','','','','','','x','p','','p','p','','','','','','','','','p','','',NULL);
INSERT INTO signin_member VALUES(NULL,NULL,210,'umbel8@vt.edu','','Rachel','Umbel','umbel8@vt.edu','U','','','','','','','','','','','','','','','','','','','','p','',NULL);
INSERT INTO signin_member VALUES(NULL,NULL,211,'','','Hannah','Utter','','','','','','','','','','','','','','p','','','','','','','','','',NULL);
INSERT INTO signin_member VALUES(NULL,NULL,212,'905602058','','Vanessa','Vanderdys','vvand93@vt.edu','','','','','15 2-2-2012','','','','','','','','','','','','','p','p','p','','',NULL);
INSERT INTO signin_member VALUES(NULL,NULL,213,'','','Abby','Vandivier','vabby10@vt.edu','U','','','','','','','','','p','','','','','','','','','','','','',NULL);
INSERT INTO signin_member VALUES(NULL,NULL,214,'','','Andrew','Vorel','advorel@vt.edu','U','','Dining Card','','','','','','P','','','','','','','','','','','','','',NULL);
INSERT INTO signin_member VALUES(NULL,NULL,215,'905287642','','Guanying','Wang','','','','','','','','','','','','','','','','','','','','p','p','','',NULL);
INSERT INTO signin_member VALUES(NULL,NULL,216,'','','Kat','Warwick','kwarwick@vt.edu','','','','','','p','','p','p','','','','','','','','','','','','','',NULL);
INSERT INTO signin_member VALUES('2013-09-13 00:00:00',NULL,217,'905503619','','Alison','Webster','','U','spring 2012','','','','p','','','p','p','p','','','','p','p','p','p','','','','p',NULL);
INSERT INTO signin_member VALUES(NULL,NULL,218,'','','Nathanael','Welch','','','','','','','','','','','','p','','','p','','p','','','','','','',NULL);
INSERT INTO signin_member VALUES(NULL,NULL,219,'','','Chris','Wemple','wchris4@vt.edu','','Spring 2012','','','$25 October','p','p','p','p','p','p','','','','','','','','','','','',NULL);
INSERT INTO signin_member VALUES(NULL,NULL,220,'','','Hope','Wentzel','','','','','','','','','','','','','','','','','','','','','','','',NULL);
INSERT INTO signin_member VALUES(NULL,NULL,221,'905444599','','Karin','Wiles','','U','Spring 2012','','','','p','p','p','p','p','p','p','p','p','','p','','p','p','','','',NULL);
INSERT INTO signin_member VALUES(NULL,NULL,222,'','','John','Williams','','U','','Friends','','','','','','','p','','','','','','','','','','','','',NULL);
INSERT INTO signin_member VALUES(NULL,NULL,223,'','','KC','Winters','kc11@vt.edu','u','','','','','','','','','','p','','p','','','','','','','','','',NULL);
INSERT INTO signin_member VALUES(NULL,NULL,224,'','','Jeremiah','Witte','','u','','','','','p','p','p','p','','p','','','','','p','','','','','','',NULL);
INSERT INTO signin_member VALUES(NULL,NULL,225,'905523666','','Huigun','Xiong','','','','','','','','','','','','','','','','','','','','p','p','','',NULL);
INSERT INTO signin_member VALUES(NULL,NULL,226,'','','Bryan','Yanchulis','bryany07@vt.edu','','','','','','p','','','','','','','','','','','','','','','','',NULL);
INSERT INTO signin_member VALUES(NULL,NULL,227,'905636779','','Felix','Yanqing','fyq@vt.edu','g','11 fall','searched for it','','15','','','','p','','','','p','','','','','','','','','',NULL);
INSERT INTO signin_member VALUES(NULL,NULL,228,'','','Benn','York','','','','','','','','x','p','p','','','','','','','','','p','','','','',NULL);
INSERT INTO signin_member VALUES(NULL,NULL,229,'905667279','','Yin','Yuan','','','','','','','','','','','','','','','','','','','','p','p','','',NULL);
INSERT INTO signin_member VALUES(NULL,NULL,230,'','','David','Zamore','','U','','','','','','','','','p','','','p','','','','','','','','','',NULL);
INSERT INTO signin_member VALUES(NULL,NULL,231,'','','Callie','Zawaski','zawaca@vt.edu','U','','FB','','','','x','','','','','','','','','','','','','p','','',NULL);
INSERT INTO signin_member VALUES(NULL,NULL,232,'905542329','','Emily','Zhang','','U','12 spring','','','25','p','','p','p','p','p','','p','p','','p','','','','','','p',NULL);
INSERT INTO signin_member VALUES('2012-09-12 00:00:00',NULL,233,'905448813','','Stephanie','Hippert','','','','','','','','','','','','','','','','','','','','p','','','p',NULL);
INSERT INTO signin_member VALUES(NULL,NULL,241,'905254785','cespedes','Christian','Cespedes','jasonc2@vt.edu','','','karin wiles','','','','','','','','','','','','','','','','','','','','');
INSERT INTO signin_member VALUES(NULL,NULL,242,'905489787','kwangs7','Kwangseon','Hwang','kwangs7@vt.edu','','','Anthony','','','','','','','','','','','','','','','','','','','','');
INSERT INTO signin_member VALUES(NULL,NULL,243,'000000000','schererj','Jason','Scherer','schererj@vt.edu','','','Website','','','','','','','','','','','','','','','','','','','','');
INSERT INTO signin_member VALUES(NULL,NULL,244,'000000000','schererj','Jason','Scherer','schererj@vt.edu','','','Website','','','','','','','','','','','','','','','','','','','','');
INSERT INTO signin_member VALUES(NULL,NULL,245,'000000000','kewiles1','Karin','Wiles','karinw@vt.edu','','','karin wiles','','','','','','','','','','','','','','','','','','','','');
INSERT INTO signin_member VALUES(NULL,NULL,246,'000000000','kewiles1','Karin','Wiles','karinw@vt.edu','','','test method','','','','','','','','','','','','','','','','','','','','');
INSERT INTO signin_member VALUES(NULL,NULL,248,'905533718','chxthump','Charlotte','Crump','','','','Kim Schatz','','','','','','','','','','','','','','','','','','','','');
INSERT INTO signin_member VALUES(NULL,NULL,249,';90542666','skj2013','Sarah','Johnson','','','','Karin Wiles','','','','','','','','','','','','','','','','','','','','');
INSERT INTO signin_member VALUES(NULL,NULL,250,'905433526','tannerh2','Tanner','Hansinger','','','','Website','','','','','','','','','','','','','','','','','','','','');
INSERT INTO signin_member VALUES(NULL,NULL,251,'905571433','wldegrl4','Grace','Wilde','','','','test method','','','','','','','','','','','','','','','','','','','','');
INSERT INTO signin_member VALUES(NULL,NULL,252,'905570443','eleonorc','Eleonor','Cayford','','','','Jen Gorce','','','','','','','','','','','','','','','','','','','','');
INSERT INTO signin_member VALUES(NULL,NULL,253,'905519952','cprother','Courtney','Prothero','','','','Table Cards (West End)','','','','','','','','','','','','','','','','','','','','');
INSERT INTO signin_member VALUES(NULL,NULL,254,'905399849','hdwhite','Harry','White','','','','Friend','','','','','','','','','','','','','','','','','','','','');
INSERT INTO signin_member VALUES(NULL,NULL,255,'905466925','nathan09','Nathan','Friedlander','','','','Friend','','','','','','','','','','','','','','','','','','','','');
INSERT INTO signin_member VALUES(NULL,NULL,256,'703599150','','Samir','MIr-Aliyev','','','','Table Cards (West End)','','','','','','','','','','','','','','','','','','','','');
INSERT INTO signin_member VALUES(NULL,NULL,257,'905494213','bkullbac','Brendan','Kullback','','','','Website','','','','','','','','','','','','','','','','','','','','');
INSERT INTO signin_member VALUES(NULL,NULL,258,'905580076','dsarah7','Sarah','Desilva','','','','Friend','','','','','','','','','','','','','','','','','','','','');
INSERT INTO signin_member VALUES(NULL,NULL,259,'905614505','arouffa','Alycia','Rouffa','','','','Friend','','','','','','','','','','','','','','','','','','','','');
INSERT INTO signin_member VALUES(NULL,NULL,260,'905559142','gcynthia','Georgette','Bastien','','','','Friend','','','','','','','','','','','','','','','','','','','','');
INSERT INTO signin_member VALUES(NULL,NULL,261,'905577142','emack434','Elizabeth','Mack','','','','Table Cards (West End)','','','','','','','','','','','','','','','','','','','','');
INSERT INTO signin_member VALUES('2012-09-12 00:00:00',NULL,262,'905379812','georgeb5','George','Buhl','','','','Karin Wiles','','','','','','','','','','','','','','','','','','','','');
INSERT INTO signin_member VALUES(NULL,NULL,263,'905476921','kshepard','Kathryn','Shepard','','','','Anthony','','','','','','','','','','','','','','','','','','','','');
INSERT INTO signin_member VALUES(NULL,NULL,264,'905367300','crroa7','Christian','Roa','','','','Friend','','','','','','','','','','','','','','','','','','','','');
INSERT INTO signin_member VALUES(NULL,NULL,265,'905083525','sshaffer','Stephen','Shaffer','','','','Friend','','','','','','','','','','','','','','','','','','','','');
INSERT INTO signin_member VALUES('2012-09-12 00:00:00','2012-09-11 13:50:28.107165',266,'111111111','sosso','Anthony','Sosso','','','','1','','','','','','','','','','','','','','','','','','','','');
INSERT INTO signin_member VALUES('2012-09-12 00:00:00','2012-09-11 13:53:10.038423',267,'222222222','sosso','Anthony','Sosso','','','','25','','','','','','','','','','','','','','','','','','','','');
INSERT INTO signin_member VALUES('2013-03-17 00:00:00','2012-09-11 00:00:00',268,'905678245','benwr','Benjamin','Weinstein-Raun','','','','1','','','','','','','','','','','','','','','','','','','','');
INSERT INTO signin_member VALUES('2012-09-12 00:00:00','2012-09-11 00:00:00',269,'905510576','mktardif','Marie-Kristine','Tardif','','','','24','','','','','','','','','','','','','','','','','','','','');
INSERT INTO signin_member VALUES('2012-09-12 00:00:00','2012-09-11 00:00:00',270,'905714266','wxz001','Zachariah','Ewen','','','','25','','','','','','','','','','','','','','','','','','','','');
INSERT INTO signin_member VALUES('2012-09-12 00:00:00','2012-09-11 00:00:00',271,'905714266','wxz001','Zachariah','Ewen','','','','25','','','','','','','','','','','','','','','','','','','','');
INSERT INTO signin_member VALUES('2012-09-12 00:00:00','2012-09-11 00:00:00',272,'905714266','wxz001','Zachariah','Ewen','','','','25','','','','','','','','','','','','','','','','','','','','');
INSERT INTO signin_member VALUES('2012-09-12 00:00:00','2012-09-11 00:00:00',273,'905714266','wxz001','Zachariah','Ewen','','','','25','','','','','','','','','','','','','','','','','','','','');
INSERT INTO signin_member VALUES('2012-09-12 00:00:00','2012-09-11 00:00:00',274,'905746413','cguh10','Christina','Guh','','','','25','','','','','','','','','','','','','','','','','','','','');
INSERT INTO signin_member VALUES('2012-09-12 00:00:00','2012-09-11 00:00:00',275,'905720043','jfrate3','jordan','Frate','','','','24','','','','','','','','','','','','','','','','','','','','');
INSERT INTO signin_member VALUES('2012-09-12 00:00:00','2012-09-11 00:00:00',276,'905739003','dabbott2','David','Abbott','','','','25','','','','','','','','','','','','','','','','','','','','');
INSERT INTO signin_member VALUES('2012-09-12 00:00:00','2012-09-11 00:00:00',277,'905710757','steph94','Stephen','Buscemi','','','','24','','','','','','','','','','','','','','','','','','','','');
INSERT INTO signin_member VALUES('2012-09-12 00:00:00','2012-09-11 00:00:00',278,'905720018','cle1234','Christina','Eiginger','','','','25','','','','','','','','','','','','','','','','','','','','');
INSERT INTO signin_member VALUES('2012-09-12 00:00:00','2012-09-11 00:00:00',279,'905701312','ellenma','Ellen','Augst','','','','25','','','','','','','','','','','','','','','','','','','','');
INSERT INTO signin_member VALUES('2012-09-12 00:00:00','2012-09-11 00:00:00',280,'905695485','bwitcher','Bennett','Witcher','','','','25','','','','','','','','','','','','','','','','','','','','');
INSERT INTO signin_member VALUES('2012-09-12 00:00:00','2012-09-11 00:00:00',281,'905739327','aaronk1','Aaron','Kunzer','','','','25','','','','','','','','','','','','','','','','','','','','');
INSERT INTO signin_member VALUES('2012-09-12 00:00:00','2012-09-11 00:00:00',282,'905602363','buv1028','Brianne','Varnerin','','','','1','','','','','','','','','','','','','','','','','','','','');
INSERT INTO signin_member VALUES('2012-09-12 00:00:00','2012-09-11 00:00:00',283,'905740784','','Daniella','Damiano','','','','1','','','','','','','','','','','','','','','','','','','','');
INSERT INTO signin_member VALUES('2012-09-12 00:00:00','2012-09-11 00:00:00',284,'905712605','kinds94','Kindell','Schmitt','','','','25','','','','','','','','','','','','','','','','','','','','');
INSERT INTO signin_member VALUES('2012-09-12 00:00:00','2012-09-11 00:00:00',285,'905737805','paulw93','Paul','Wotirng','','','','25','','','','','','','','','','','','','','','','','','','','');
INSERT INTO signin_member VALUES('2012-09-12 00:00:00','2012-09-11 00:00:00',286,'905727137','gabzulu','Gabriella','Jacobsen','','','','1','','','','','','','','','','','','','','','','','','','','');
INSERT INTO signin_member VALUES('2012-09-12 00:00:00','2012-09-11 00:00:00',287,'905698130','haugenmc','Mitchell','Haugen','','','','25','','','','','','','','','','','','','','','','','','','','');
INSERT INTO signin_member VALUES('2012-09-12 00:00:00','2012-09-11 00:00:00',288,'905723364','fmegan94','Megan','Freyman','','','','25','','','','','','','','','','','','','','','','','','','','');
INSERT INTO signin_member VALUES('2012-09-12 00:00:00','2012-09-11 00:00:00',289,'905723566','schen518','Susan','Chen','','','','25','','','','','','','','','','','','','','','','','','','','');
INSERT INTO signin_member VALUES('2012-09-12 00:00:00','2012-09-11 00:00:00',290,'905723620','jenlu','Jennifer','Lu','','','','25','','','','','','','','','','','','','','','','','','','','');
INSERT INTO signin_member VALUES('2012-09-12 00:00:00','2012-09-11 00:00:00',291,'905719490','justn12','Justin','Niles','','','','1','','','','','','','','','','','','','','','','','','','','');
INSERT INTO signin_member VALUES('2012-09-12 00:00:00','2012-09-11 00:00:00',292,'905696670','demetr3','Demetrius','Lunsford','','','','25','','','','','','','','','','','','','','','','','','','','');
INSERT INTO signin_member VALUES('2012-09-12 00:00:00','2012-09-11 00:00:00',293,'905694573','maduq7','Marcus','Duquiatan','','','','25','','','','','','','','','','','','','','','','','','','','');
INSERT INTO signin_member VALUES('2012-09-12 00:00:00','2012-09-11 00:00:00',294,'905576905','legoman','Patrick','Harrington','','','','24','','','','','','','','','','','','','','','','','','','','');
INSERT INTO signin_member VALUES('2012-09-12 00:00:00','2012-09-11 00:00:00',295,'905742831','rblaura5','Laura','Bunn','','','','25','','','','','','','','','','','','','','','','','','','','');
INSERT INTO signin_member VALUES('2013-09-06 00:00:00','2012-09-11 00:00:00',296,'905695378','vivianct','Vivian','Tran','','','','25','','','','','','','','','','','','','','','','','','','','');
INSERT INTO signin_member VALUES('2013-09-06 00:00:00','2012-09-11 00:00:00',297,'905735576','biancave@vt.edu','Bianca','Eckerberg','','','','24','','','','','','','','','','','','','','','','','','','','');
INSERT INTO signin_member VALUES('2013-03-10 00:00:00','2012-09-11 00:00:00',298,'905739728','bkatrina','Katrina','Buccella','','','','24','','','','','','','','','','','','','','','','','','','','');
INSERT INTO signin_member VALUES('2013-09-13 00:00:00','2012-09-18 00:00:00',299,'111111121','sosso','Anthony','Sosso','','','','13','','','','','','','','','','','','','','','','','','','','');
INSERT INTO signin_member VALUES('2013-09-13 00:00:00','2012-09-18 00:00:00',300,'000000009','sosso','Anthony','Sosso','','','','1','','','','','','','','','','','','','','','','','','','','');
INSERT INTO signin_member VALUES('2013-03-17 00:00:00','2012-09-18 00:00:00',301,'905547948','smh2418','Sarah ','Hunsberger','','','','25','','','','','','','','','','','','','','','','','','','','');
INSERT INTO signin_member VALUES('2012-09-19 00:00:00','2012-09-18 00:00:00',302,'905719533','wanalise','Analise','Wallick','','','','24','','','','','','','','','','','','','','','','','','','','');
INSERT INTO signin_member VALUES('2012-09-19 00:00:00','2012-09-18 00:00:00',303,'905464600','dagarwa','Divyanshu','Agarwal','','','','1','','','','','','','','','','','','','','','','','','','','');
INSERT INTO signin_member VALUES('2012-09-19 00:00:00','2012-09-18 00:00:00',304,'905418421','donalm91','Donal','Murphy','','','','1','','','','','','','','','','','','','','','','','','','','');
INSERT INTO signin_member VALUES('2012-09-19 00:00:00','2012-09-18 00:00:00',305,'905761393','mariant','Marian','Turowski','','','','25','','','','','','','','','','','','','','','','','','','','');
INSERT INTO signin_member VALUES('2012-09-19 00:00:00','2012-09-18 00:00:00',306,'905473903','rainfall','Rui','Ma','','','','1','','','','','','','','','','','','','','','','','','','','');
DROP TABLE IF EXISTS signin_professionalevent;
CREATE TABLE signin_professionalevent (
    id integer NOT NULL PRIMARY KEY,
    date date NOT NULL
);
INSERT INTO signin_professionalevent VALUES(1,'2012-09-18');
DROP TABLE IF EXISTS signin_professionalrecord;
CREATE TABLE signin_professionalrecord (
    id integer NOT NULL PRIMARY KEY,
    member_id integer NOT NULL REFERENCES signin_member (id),
    professional_event_id integer NOT NULL REFERENCES signin_professionalevent (id)
);
INSERT INTO signin_professionalrecord VALUES(1,191,1);
INSERT INTO signin_professionalrecord VALUES(2,300,1);
INSERT INTO signin_professionalrecord VALUES(3,301,1);
INSERT INTO signin_professionalrecord VALUES(4,169,1);
INSERT INTO signin_professionalrecord VALUES(5,104,1);
INSERT INTO signin_professionalrecord VALUES(6,302,1);
INSERT INTO signin_professionalrecord VALUES(7,303,1);
INSERT INTO signin_professionalrecord VALUES(8,304,1);
INSERT INTO signin_professionalrecord VALUES(9,305,1);
INSERT INTO signin_professionalrecord VALUES(10,306,1);
DROP TABLE IF EXISTS signin_record;
CREATE TABLE signin_record (
    id integer NOT NULL PRIMARY KEY,
    member_id integer NOT NULL REFERENCES signin_member (id),
    event_id integer NOT NULL REFERENCES signin_event (id)
);
INSERT INTO signin_record VALUES(1,191,2);
INSERT INTO signin_record VALUES(2,2,2);
INSERT INTO signin_record VALUES(3,3,2);
INSERT INTO signin_record VALUES(4,5,2);
INSERT INTO signin_record VALUES(5,6,2);
INSERT INTO signin_record VALUES(6,10,2);
INSERT INTO signin_record VALUES(7,13,2);
INSERT INTO signin_record VALUES(8,14,2);
INSERT INTO signin_record VALUES(9,17,2);
INSERT INTO signin_record VALUES(10,21,2);
INSERT INTO signin_record VALUES(11,22,2);
INSERT INTO signin_record VALUES(12,23,2);
INSERT INTO signin_record VALUES(13,31,2);
INSERT INTO signin_record VALUES(14,37,2);
INSERT INTO signin_record VALUES(15,39,2);
INSERT INTO signin_record VALUES(16,41,2);
INSERT INTO signin_record VALUES(17,44,2);
INSERT INTO signin_record VALUES(18,46,2);
INSERT INTO signin_record VALUES(19,48,2);
INSERT INTO signin_record VALUES(20,50,2);
INSERT INTO signin_record VALUES(21,51,2);
INSERT INTO signin_record VALUES(22,52,2);
INSERT INTO signin_record VALUES(23,53,2);
INSERT INTO signin_record VALUES(24,54,2);
INSERT INTO signin_record VALUES(25,55,2);
INSERT INTO signin_record VALUES(26,56,2);
INSERT INTO signin_record VALUES(27,58,2);
INSERT INTO signin_record VALUES(28,60,2);
INSERT INTO signin_record VALUES(29,64,2);
INSERT INTO signin_record VALUES(30,69,2);
INSERT INTO signin_record VALUES(31,70,2);
INSERT INTO signin_record VALUES(32,72,2);
INSERT INTO signin_record VALUES(33,73,2);
INSERT INTO signin_record VALUES(34,74,2);
INSERT INTO signin_record VALUES(35,76,2);
INSERT INTO signin_record VALUES(36,77,2);
INSERT INTO signin_record VALUES(37,83,2);
INSERT INTO signin_record VALUES(38,84,2);
INSERT INTO signin_record VALUES(39,85,2);
INSERT INTO signin_record VALUES(41,90,2);
INSERT INTO signin_record VALUES(42,96,2);
INSERT INTO signin_record VALUES(43,98,2);
INSERT INTO signin_record VALUES(44,102,2);
INSERT INTO signin_record VALUES(45,107,2);
INSERT INTO signin_record VALUES(46,115,2);
INSERT INTO signin_record VALUES(47,116,2);
INSERT INTO signin_record VALUES(48,122,2);
INSERT INTO signin_record VALUES(49,125,2);
INSERT INTO signin_record VALUES(50,128,2);
INSERT INTO signin_record VALUES(51,130,2);
INSERT INTO signin_record VALUES(52,131,2);
INSERT INTO signin_record VALUES(53,139,2);
INSERT INTO signin_record VALUES(54,144,2);
INSERT INTO signin_record VALUES(55,145,2);
INSERT INTO signin_record VALUES(56,147,2);
INSERT INTO signin_record VALUES(57,149,2);
INSERT INTO signin_record VALUES(58,151,2);
INSERT INTO signin_record VALUES(59,152,2);
INSERT INTO signin_record VALUES(60,155,2);
INSERT INTO signin_record VALUES(61,157,2);
INSERT INTO signin_record VALUES(62,158,2);
INSERT INTO signin_record VALUES(63,160,2);
INSERT INTO signin_record VALUES(64,162,2);
INSERT INTO signin_record VALUES(65,163,2);
INSERT INTO signin_record VALUES(66,166,2);
INSERT INTO signin_record VALUES(67,169,2);
INSERT INTO signin_record VALUES(68,171,2);
INSERT INTO signin_record VALUES(69,175,2);
INSERT INTO signin_record VALUES(70,178,2);
INSERT INTO signin_record VALUES(71,179,2);
INSERT INTO signin_record VALUES(72,183,2);
INSERT INTO signin_record VALUES(73,186,2);
INSERT INTO signin_record VALUES(74,187,2);
INSERT INTO signin_record VALUES(75,188,2);
INSERT INTO signin_record VALUES(76,189,2);
INSERT INTO signin_record VALUES(77,191,2);
INSERT INTO signin_record VALUES(78,192,2);
INSERT INTO signin_record VALUES(79,198,2);
INSERT INTO signin_record VALUES(80,200,2);
INSERT INTO signin_record VALUES(81,201,2);
INSERT INTO signin_record VALUES(82,203,2);
INSERT INTO signin_record VALUES(83,216,2);
INSERT INTO signin_record VALUES(84,217,2);
INSERT INTO signin_record VALUES(85,219,2);
INSERT INTO signin_record VALUES(86,221,2);
INSERT INTO signin_record VALUES(87,224,2);
INSERT INTO signin_record VALUES(88,226,2);
INSERT INTO signin_record VALUES(89,232,2);
INSERT INTO signin_record VALUES(90,234,2);
INSERT INTO signin_record VALUES(91,3,3);
INSERT INTO signin_record VALUES(92,6,3);
INSERT INTO signin_record VALUES(93,10,3);
INSERT INTO signin_record VALUES(94,18,3);
INSERT INTO signin_record VALUES(95,20,3);
INSERT INTO signin_record VALUES(96,22,3);
INSERT INTO signin_record VALUES(97,26,3);
INSERT INTO signin_record VALUES(98,43,3);
INSERT INTO signin_record VALUES(99,47,3);
INSERT INTO signin_record VALUES(100,60,3);
INSERT INTO signin_record VALUES(101,61,3);
INSERT INTO signin_record VALUES(102,64,3);
INSERT INTO signin_record VALUES(103,69,3);
INSERT INTO signin_record VALUES(104,76,3);
INSERT INTO signin_record VALUES(106,108,3);
INSERT INTO signin_record VALUES(107,113,3);
INSERT INTO signin_record VALUES(108,121,3);
INSERT INTO signin_record VALUES(109,122,3);
INSERT INTO signin_record VALUES(110,124,3);
INSERT INTO signin_record VALUES(111,141,3);
INSERT INTO signin_record VALUES(112,146,3);
INSERT INTO signin_record VALUES(113,152,3);
INSERT INTO signin_record VALUES(114,162,3);
INSERT INTO signin_record VALUES(115,177,3);
INSERT INTO signin_record VALUES(116,182,3);
INSERT INTO signin_record VALUES(117,186,3);
INSERT INTO signin_record VALUES(118,190,3);
INSERT INTO signin_record VALUES(119,191,3);
INSERT INTO signin_record VALUES(120,195,3);
INSERT INTO signin_record VALUES(121,209,3);
INSERT INTO signin_record VALUES(122,219,3);
INSERT INTO signin_record VALUES(123,221,3);
INSERT INTO signin_record VALUES(124,224,3);
INSERT INTO signin_record VALUES(125,228,3);
INSERT INTO signin_record VALUES(126,231,3);
INSERT INTO signin_record VALUES(127,234,3);
INSERT INTO signin_record VALUES(128,2,4);
INSERT INTO signin_record VALUES(129,3,4);
INSERT INTO signin_record VALUES(130,17,4);
INSERT INTO signin_record VALUES(131,18,4);
INSERT INTO signin_record VALUES(132,21,4);
INSERT INTO signin_record VALUES(133,22,4);
INSERT INTO signin_record VALUES(134,31,4);
INSERT INTO signin_record VALUES(135,37,4);
INSERT INTO signin_record VALUES(136,41,4);
INSERT INTO signin_record VALUES(137,50,4);
INSERT INTO signin_record VALUES(138,52,4);
INSERT INTO signin_record VALUES(139,60,4);
INSERT INTO signin_record VALUES(140,61,4);
INSERT INTO signin_record VALUES(141,64,4);
INSERT INTO signin_record VALUES(142,69,4);
INSERT INTO signin_record VALUES(143,72,4);
INSERT INTO signin_record VALUES(144,73,4);
INSERT INTO signin_record VALUES(145,76,4);
INSERT INTO signin_record VALUES(146,77,4);
INSERT INTO signin_record VALUES(148,90,4);
INSERT INTO signin_record VALUES(149,102,4);
INSERT INTO signin_record VALUES(150,121,4);
INSERT INTO signin_record VALUES(151,122,4);
INSERT INTO signin_record VALUES(152,128,4);
INSERT INTO signin_record VALUES(153,139,4);
INSERT INTO signin_record VALUES(154,146,4);
INSERT INTO signin_record VALUES(155,152,4);
INSERT INTO signin_record VALUES(156,157,4);
INSERT INTO signin_record VALUES(157,177,4);
INSERT INTO signin_record VALUES(158,179,4);
INSERT INTO signin_record VALUES(159,182,4);
INSERT INTO signin_record VALUES(160,183,4);
INSERT INTO signin_record VALUES(161,186,4);
INSERT INTO signin_record VALUES(162,189,4);
INSERT INTO signin_record VALUES(163,191,4);
INSERT INTO signin_record VALUES(164,209,4);
INSERT INTO signin_record VALUES(165,216,4);
INSERT INTO signin_record VALUES(166,219,4);
INSERT INTO signin_record VALUES(167,221,4);
INSERT INTO signin_record VALUES(168,224,4);
INSERT INTO signin_record VALUES(169,228,4);
INSERT INTO signin_record VALUES(170,232,4);
INSERT INTO signin_record VALUES(171,234,4);
INSERT INTO signin_record VALUES(172,2,5);
INSERT INTO signin_record VALUES(173,6,5);
INSERT INTO signin_record VALUES(174,20,5);
INSERT INTO signin_record VALUES(175,22,5);
INSERT INTO signin_record VALUES(176,30,5);
INSERT INTO signin_record VALUES(177,31,5);
INSERT INTO signin_record VALUES(178,45,5);
INSERT INTO signin_record VALUES(179,46,5);
INSERT INTO signin_record VALUES(180,52,5);
INSERT INTO signin_record VALUES(181,59,5);
INSERT INTO signin_record VALUES(182,64,5);
INSERT INTO signin_record VALUES(183,69,5);
INSERT INTO signin_record VALUES(184,72,5);
INSERT INTO signin_record VALUES(185,75,5);
INSERT INTO signin_record VALUES(186,76,5);
INSERT INTO signin_record VALUES(187,77,5);
INSERT INTO signin_record VALUES(188,79,5);
INSERT INTO signin_record VALUES(189,80,5);
INSERT INTO signin_record VALUES(191,90,5);
INSERT INTO signin_record VALUES(192,92,5);
INSERT INTO signin_record VALUES(193,97,5);
INSERT INTO signin_record VALUES(194,101,5);
INSERT INTO signin_record VALUES(195,105,5);
INSERT INTO signin_record VALUES(196,110,5);
INSERT INTO signin_record VALUES(197,122,5);
INSERT INTO signin_record VALUES(198,124,5);
INSERT INTO signin_record VALUES(199,128,5);
INSERT INTO signin_record VALUES(200,130,5);
INSERT INTO signin_record VALUES(201,138,5);
INSERT INTO signin_record VALUES(202,141,5);
INSERT INTO signin_record VALUES(203,146,5);
INSERT INTO signin_record VALUES(204,152,5);
INSERT INTO signin_record VALUES(205,153,5);
INSERT INTO signin_record VALUES(206,157,5);
INSERT INTO signin_record VALUES(207,160,5);
INSERT INTO signin_record VALUES(208,169,5);
INSERT INTO signin_record VALUES(209,178,5);
INSERT INTO signin_record VALUES(210,179,5);
INSERT INTO signin_record VALUES(211,182,5);
INSERT INTO signin_record VALUES(212,186,5);
INSERT INTO signin_record VALUES(213,191,5);
INSERT INTO signin_record VALUES(214,199,5);
INSERT INTO signin_record VALUES(215,203,5);
INSERT INTO signin_record VALUES(216,206,5);
INSERT INTO signin_record VALUES(217,214,5);
INSERT INTO signin_record VALUES(218,216,5);
INSERT INTO signin_record VALUES(219,217,5);
INSERT INTO signin_record VALUES(220,219,5);
INSERT INTO signin_record VALUES(221,221,5);
INSERT INTO signin_record VALUES(222,224,5);
INSERT INTO signin_record VALUES(223,227,5);
INSERT INTO signin_record VALUES(224,228,5);
INSERT INTO signin_record VALUES(225,232,5);
INSERT INTO signin_record VALUES(226,234,5);
INSERT INTO signin_record VALUES(227,1,6);
INSERT INTO signin_record VALUES(228,2,6);
INSERT INTO signin_record VALUES(229,4,6);
INSERT INTO signin_record VALUES(230,6,6);
INSERT INTO signin_record VALUES(231,8,6);
INSERT INTO signin_record VALUES(232,11,6);
INSERT INTO signin_record VALUES(233,20,6);
INSERT INTO signin_record VALUES(234,22,6);
INSERT INTO signin_record VALUES(235,31,6);
INSERT INTO signin_record VALUES(236,42,6);
INSERT INTO signin_record VALUES(237,47,6);
INSERT INTO signin_record VALUES(238,48,6);
INSERT INTO signin_record VALUES(239,52,6);
INSERT INTO signin_record VALUES(240,64,6);
INSERT INTO signin_record VALUES(241,69,6);
INSERT INTO signin_record VALUES(242,76,6);
INSERT INTO signin_record VALUES(244,87,6);
INSERT INTO signin_record VALUES(245,91,6);
INSERT INTO signin_record VALUES(246,109,6);
INSERT INTO signin_record VALUES(247,112,6);
INSERT INTO signin_record VALUES(248,122,6);
INSERT INTO signin_record VALUES(249,124,6);
INSERT INTO signin_record VALUES(250,138,6);
INSERT INTO signin_record VALUES(251,143,6);
INSERT INTO signin_record VALUES(252,146,6);
INSERT INTO signin_record VALUES(253,150,6);
INSERT INTO signin_record VALUES(254,157,6);
INSERT INTO signin_record VALUES(255,178,6);
INSERT INTO signin_record VALUES(256,179,6);
INSERT INTO signin_record VALUES(257,182,6);
INSERT INTO signin_record VALUES(258,186,6);
INSERT INTO signin_record VALUES(259,191,6);
INSERT INTO signin_record VALUES(260,206,6);
INSERT INTO signin_record VALUES(261,208,6);
INSERT INTO signin_record VALUES(262,209,6);
INSERT INTO signin_record VALUES(263,213,6);
INSERT INTO signin_record VALUES(264,217,6);
INSERT INTO signin_record VALUES(265,219,6);
INSERT INTO signin_record VALUES(266,221,6);
INSERT INTO signin_record VALUES(267,222,6);
INSERT INTO signin_record VALUES(268,230,6);
INSERT INTO signin_record VALUES(269,232,6);
INSERT INTO signin_record VALUES(270,234,6);
INSERT INTO signin_record VALUES(271,2,7);
INSERT INTO signin_record VALUES(272,3,7);
INSERT INTO signin_record VALUES(273,6,7);
INSERT INTO signin_record VALUES(274,22,7);
INSERT INTO signin_record VALUES(275,31,7);
INSERT INTO signin_record VALUES(276,36,7);
INSERT INTO signin_record VALUES(277,37,7);
INSERT INTO signin_record VALUES(278,45,7);
INSERT INTO signin_record VALUES(279,47,7);
INSERT INTO signin_record VALUES(280,50,7);
INSERT INTO signin_record VALUES(281,52,7);
INSERT INTO signin_record VALUES(282,54,7);
INSERT INTO signin_record VALUES(283,59,7);
INSERT INTO signin_record VALUES(284,64,7);
INSERT INTO signin_record VALUES(285,66,7);
INSERT INTO signin_record VALUES(286,69,7);
INSERT INTO signin_record VALUES(287,72,7);
INSERT INTO signin_record VALUES(288,75,7);
INSERT INTO signin_record VALUES(289,76,7);
INSERT INTO signin_record VALUES(290,77,7);
INSERT INTO signin_record VALUES(292,90,7);
INSERT INTO signin_record VALUES(293,117,7);
INSERT INTO signin_record VALUES(294,122,7);
INSERT INTO signin_record VALUES(295,124,7);
INSERT INTO signin_record VALUES(296,136,7);
INSERT INTO signin_record VALUES(297,139,7);
INSERT INTO signin_record VALUES(298,146,7);
INSERT INTO signin_record VALUES(299,157,7);
INSERT INTO signin_record VALUES(300,159,7);
INSERT INTO signin_record VALUES(301,168,7);
INSERT INTO signin_record VALUES(302,169,7);
INSERT INTO signin_record VALUES(303,178,7);
INSERT INTO signin_record VALUES(304,179,7);
INSERT INTO signin_record VALUES(305,180,7);
INSERT INTO signin_record VALUES(306,181,7);
INSERT INTO signin_record VALUES(307,186,7);
INSERT INTO signin_record VALUES(308,191,7);
INSERT INTO signin_record VALUES(309,193,7);
INSERT INTO signin_record VALUES(310,194,7);
INSERT INTO signin_record VALUES(311,196,7);
INSERT INTO signin_record VALUES(312,197,7);
INSERT INTO signin_record VALUES(313,199,7);
INSERT INTO signin_record VALUES(314,206,7);
INSERT INTO signin_record VALUES(315,209,7);
INSERT INTO signin_record VALUES(316,217,7);
INSERT INTO signin_record VALUES(317,218,7);
INSERT INTO signin_record VALUES(318,219,7);
INSERT INTO signin_record VALUES(319,221,7);
INSERT INTO signin_record VALUES(320,223,7);
INSERT INTO signin_record VALUES(321,224,7);
INSERT INTO signin_record VALUES(322,232,7);
INSERT INTO signin_record VALUES(323,234,7);
INSERT INTO signin_record VALUES(324,186,8);
INSERT INTO signin_record VALUES(325,191,8);
INSERT INTO signin_record VALUES(326,221,8);
INSERT INTO signin_record VALUES(327,234,8);
INSERT INTO signin_record VALUES(328,3,9);
INSERT INTO signin_record VALUES(329,6,9);
INSERT INTO signin_record VALUES(330,15,9);
INSERT INTO signin_record VALUES(331,16,9);
INSERT INTO signin_record VALUES(332,22,9);
INSERT INTO signin_record VALUES(333,25,9);
INSERT INTO signin_record VALUES(334,49,9);
INSERT INTO signin_record VALUES(335,60,9);
INSERT INTO signin_record VALUES(336,65,9);
INSERT INTO signin_record VALUES(337,67,9);
INSERT INTO signin_record VALUES(338,69,9);
INSERT INTO signin_record VALUES(339,72,9);
INSERT INTO signin_record VALUES(340,73,9);
INSERT INTO signin_record VALUES(341,75,9);
INSERT INTO signin_record VALUES(342,76,9);
INSERT INTO signin_record VALUES(343,77,9);
INSERT INTO signin_record VALUES(345,90,9);
INSERT INTO signin_record VALUES(346,100,9);
INSERT INTO signin_record VALUES(347,119,9);
INSERT INTO signin_record VALUES(348,120,9);
INSERT INTO signin_record VALUES(349,124,9);
INSERT INTO signin_record VALUES(350,126,9);
INSERT INTO signin_record VALUES(351,127,9);
INSERT INTO signin_record VALUES(352,140,9);
INSERT INTO signin_record VALUES(353,141,9);
INSERT INTO signin_record VALUES(354,157,9);
INSERT INTO signin_record VALUES(355,160,9);
INSERT INTO signin_record VALUES(356,169,9);
INSERT INTO signin_record VALUES(357,177,9);
INSERT INTO signin_record VALUES(358,178,9);
INSERT INTO signin_record VALUES(359,179,9);
INSERT INTO signin_record VALUES(360,182,9);
INSERT INTO signin_record VALUES(361,184,9);
INSERT INTO signin_record VALUES(362,186,9);
INSERT INTO signin_record VALUES(363,191,9);
INSERT INTO signin_record VALUES(364,196,9);
INSERT INTO signin_record VALUES(365,211,9);
INSERT INTO signin_record VALUES(366,221,9);
INSERT INTO signin_record VALUES(367,223,9);
INSERT INTO signin_record VALUES(368,227,9);
INSERT INTO signin_record VALUES(369,230,9);
INSERT INTO signin_record VALUES(370,232,9);
INSERT INTO signin_record VALUES(371,234,9);
INSERT INTO signin_record VALUES(372,2,10);
INSERT INTO signin_record VALUES(373,3,10);
INSERT INTO signin_record VALUES(374,6,10);
INSERT INTO signin_record VALUES(375,9,10);
INSERT INTO signin_record VALUES(376,20,10);
INSERT INTO signin_record VALUES(377,22,10);
INSERT INTO signin_record VALUES(378,31,10);
INSERT INTO signin_record VALUES(379,32,10);
INSERT INTO signin_record VALUES(380,36,10);
INSERT INTO signin_record VALUES(381,37,10);
INSERT INTO signin_record VALUES(382,52,10);
INSERT INTO signin_record VALUES(383,59,10);
INSERT INTO signin_record VALUES(384,65,10);
INSERT INTO signin_record VALUES(385,67,10);
INSERT INTO signin_record VALUES(386,69,10);
INSERT INTO signin_record VALUES(387,71,10);
INSERT INTO signin_record VALUES(388,72,10);
INSERT INTO signin_record VALUES(389,73,10);
INSERT INTO signin_record VALUES(390,76,10);
INSERT INTO signin_record VALUES(391,77,10);
INSERT INTO signin_record VALUES(393,90,10);
INSERT INTO signin_record VALUES(394,103,10);
INSERT INTO signin_record VALUES(395,104,10);
INSERT INTO signin_record VALUES(396,110,10);
INSERT INTO signin_record VALUES(397,113,10);
INSERT INTO signin_record VALUES(398,122,10);
INSERT INTO signin_record VALUES(399,124,10);
INSERT INTO signin_record VALUES(400,129,10);
INSERT INTO signin_record VALUES(401,137,10);
INSERT INTO signin_record VALUES(402,140,10);
INSERT INTO signin_record VALUES(403,141,10);
INSERT INTO signin_record VALUES(404,142,10);
INSERT INTO signin_record VALUES(405,146,10);
INSERT INTO signin_record VALUES(406,148,10);
INSERT INTO signin_record VALUES(407,168,10);
INSERT INTO signin_record VALUES(408,169,10);
INSERT INTO signin_record VALUES(409,177,10);
INSERT INTO signin_record VALUES(410,178,10);
INSERT INTO signin_record VALUES(411,179,10);
INSERT INTO signin_record VALUES(412,182,10);
INSERT INTO signin_record VALUES(413,184,10);
INSERT INTO signin_record VALUES(414,186,10);
INSERT INTO signin_record VALUES(415,191,10);
INSERT INTO signin_record VALUES(416,218,10);
INSERT INTO signin_record VALUES(417,221,10);
INSERT INTO signin_record VALUES(418,232,10);
INSERT INTO signin_record VALUES(419,234,10);
INSERT INTO signin_record VALUES(420,6,11);
INSERT INTO signin_record VALUES(421,22,11);
INSERT INTO signin_record VALUES(422,25,11);
INSERT INTO signin_record VALUES(423,37,11);
INSERT INTO signin_record VALUES(424,50,11);
INSERT INTO signin_record VALUES(425,67,11);
INSERT INTO signin_record VALUES(426,69,11);
INSERT INTO signin_record VALUES(427,72,11);
INSERT INTO signin_record VALUES(428,73,11);
INSERT INTO signin_record VALUES(429,76,11);
INSERT INTO signin_record VALUES(430,77,11);
INSERT INTO signin_record VALUES(432,95,11);
INSERT INTO signin_record VALUES(433,103,11);
INSERT INTO signin_record VALUES(434,122,11);
INSERT INTO signin_record VALUES(435,124,11);
INSERT INTO signin_record VALUES(436,129,11);
INSERT INTO signin_record VALUES(437,146,11);
INSERT INTO signin_record VALUES(438,149,11);
INSERT INTO signin_record VALUES(439,157,11);
INSERT INTO signin_record VALUES(440,168,11);
INSERT INTO signin_record VALUES(441,169,11);
INSERT INTO signin_record VALUES(442,178,11);
INSERT INTO signin_record VALUES(443,179,11);
INSERT INTO signin_record VALUES(444,182,11);
INSERT INTO signin_record VALUES(445,186,11);
INSERT INTO signin_record VALUES(446,191,11);
INSERT INTO signin_record VALUES(447,196,11);
INSERT INTO signin_record VALUES(448,217,11);
INSERT INTO signin_record VALUES(449,234,11);
INSERT INTO signin_record VALUES(450,22,12);
INSERT INTO signin_record VALUES(451,25,12);
INSERT INTO signin_record VALUES(452,37,12);
INSERT INTO signin_record VALUES(453,50,12);
INSERT INTO signin_record VALUES(454,63,12);
INSERT INTO signin_record VALUES(455,69,12);
INSERT INTO signin_record VALUES(456,72,12);
INSERT INTO signin_record VALUES(457,75,12);
INSERT INTO signin_record VALUES(458,76,12);
INSERT INTO signin_record VALUES(459,77,12);
INSERT INTO signin_record VALUES(461,122,12);
INSERT INTO signin_record VALUES(462,124,12);
INSERT INTO signin_record VALUES(463,157,12);
INSERT INTO signin_record VALUES(464,160,12);
INSERT INTO signin_record VALUES(465,168,12);
INSERT INTO signin_record VALUES(466,169,12);
INSERT INTO signin_record VALUES(467,179,12);
INSERT INTO signin_record VALUES(468,182,12);
INSERT INTO signin_record VALUES(469,191,12);
INSERT INTO signin_record VALUES(470,194,12);
INSERT INTO signin_record VALUES(471,196,12);
INSERT INTO signin_record VALUES(472,217,12);
INSERT INTO signin_record VALUES(473,218,12);
INSERT INTO signin_record VALUES(474,221,12);
INSERT INTO signin_record VALUES(475,224,12);
INSERT INTO signin_record VALUES(476,232,12);
INSERT INTO signin_record VALUES(477,234,12);
INSERT INTO signin_record VALUES(478,2,13);
INSERT INTO signin_record VALUES(479,3,13);
INSERT INTO signin_record VALUES(480,6,13);
INSERT INTO signin_record VALUES(481,22,13);
INSERT INTO signin_record VALUES(482,50,13);
INSERT INTO signin_record VALUES(483,69,13);
INSERT INTO signin_record VALUES(484,72,13);
INSERT INTO signin_record VALUES(485,75,13);
INSERT INTO signin_record VALUES(486,90,13);
INSERT INTO signin_record VALUES(487,103,13);
INSERT INTO signin_record VALUES(488,122,13);
INSERT INTO signin_record VALUES(489,124,13);
INSERT INTO signin_record VALUES(490,157,13);
INSERT INTO signin_record VALUES(491,168,13);
INSERT INTO signin_record VALUES(492,169,13);
INSERT INTO signin_record VALUES(493,178,13);
INSERT INTO signin_record VALUES(494,179,13);
INSERT INTO signin_record VALUES(495,182,13);
INSERT INTO signin_record VALUES(496,191,13);
INSERT INTO signin_record VALUES(497,194,13);
INSERT INTO signin_record VALUES(498,207,13);
INSERT INTO signin_record VALUES(499,217,13);
INSERT INTO signin_record VALUES(500,234,13);
INSERT INTO signin_record VALUES(501,2,14);
INSERT INTO signin_record VALUES(502,3,14);
INSERT INTO signin_record VALUES(503,20,14);
INSERT INTO signin_record VALUES(504,22,14);
INSERT INTO signin_record VALUES(505,33,14);
INSERT INTO signin_record VALUES(506,34,14);
INSERT INTO signin_record VALUES(507,38,14);
INSERT INTO signin_record VALUES(508,50,14);
INSERT INTO signin_record VALUES(509,65,14);
INSERT INTO signin_record VALUES(510,69,14);
INSERT INTO signin_record VALUES(511,72,14);
INSERT INTO signin_record VALUES(512,73,14);
INSERT INTO signin_record VALUES(513,75,14);
INSERT INTO signin_record VALUES(514,77,14);
INSERT INTO signin_record VALUES(515,88,14);
INSERT INTO signin_record VALUES(516,104,14);
INSERT INTO signin_record VALUES(517,111,14);
INSERT INTO signin_record VALUES(518,122,14);
INSERT INTO signin_record VALUES(519,134,14);
INSERT INTO signin_record VALUES(520,135,14);
INSERT INTO signin_record VALUES(521,141,14);
INSERT INTO signin_record VALUES(522,146,14);
INSERT INTO signin_record VALUES(523,149,14);
INSERT INTO signin_record VALUES(524,164,14);
INSERT INTO signin_record VALUES(525,167,14);
INSERT INTO signin_record VALUES(526,168,14);
INSERT INTO signin_record VALUES(527,169,14);
INSERT INTO signin_record VALUES(528,179,14);
INSERT INTO signin_record VALUES(529,182,14);
INSERT INTO signin_record VALUES(530,186,14);
INSERT INTO signin_record VALUES(531,191,14);
INSERT INTO signin_record VALUES(532,193,14);
INSERT INTO signin_record VALUES(533,204,14);
INSERT INTO signin_record VALUES(534,212,14);
INSERT INTO signin_record VALUES(535,217,14);
INSERT INTO signin_record VALUES(536,221,14);
INSERT INTO signin_record VALUES(537,228,14);
INSERT INTO signin_record VALUES(538,234,14);
INSERT INTO signin_record VALUES(539,2,15);
INSERT INTO signin_record VALUES(540,3,15);
INSERT INTO signin_record VALUES(541,7,15);
INSERT INTO signin_record VALUES(542,10,15);
INSERT INTO signin_record VALUES(543,20,15);
INSERT INTO signin_record VALUES(544,22,15);
INSERT INTO signin_record VALUES(545,35,15);
INSERT INTO signin_record VALUES(546,47,15);
INSERT INTO signin_record VALUES(547,50,15);
INSERT INTO signin_record VALUES(548,65,15);
INSERT INTO signin_record VALUES(549,69,15);
INSERT INTO signin_record VALUES(550,73,15);
INSERT INTO signin_record VALUES(551,74,15);
INSERT INTO signin_record VALUES(552,75,15);
INSERT INTO signin_record VALUES(553,77,15);
INSERT INTO signin_record VALUES(554,93,15);
INSERT INTO signin_record VALUES(555,99,15);
INSERT INTO signin_record VALUES(556,104,15);
INSERT INTO signin_record VALUES(557,106,15);
INSERT INTO signin_record VALUES(558,110,15);
INSERT INTO signin_record VALUES(559,120,15);
INSERT INTO signin_record VALUES(560,122,15);
INSERT INTO signin_record VALUES(561,130,15);
INSERT INTO signin_record VALUES(562,133,15);
INSERT INTO signin_record VALUES(563,135,15);
INSERT INTO signin_record VALUES(564,161,15);
INSERT INTO signin_record VALUES(565,164,15);
INSERT INTO signin_record VALUES(566,167,15);
INSERT INTO signin_record VALUES(567,168,15);
INSERT INTO signin_record VALUES(568,169,15);
INSERT INTO signin_record VALUES(569,170,15);
INSERT INTO signin_record VALUES(570,172,15);
INSERT INTO signin_record VALUES(571,177,15);
INSERT INTO signin_record VALUES(572,179,15);
INSERT INTO signin_record VALUES(573,186,15);
INSERT INTO signin_record VALUES(574,190,15);
INSERT INTO signin_record VALUES(575,191,15);
INSERT INTO signin_record VALUES(576,204,15);
INSERT INTO signin_record VALUES(577,212,15);
INSERT INTO signin_record VALUES(578,215,15);
INSERT INTO signin_record VALUES(579,221,15);
INSERT INTO signin_record VALUES(580,225,15);
INSERT INTO signin_record VALUES(581,229,15);
INSERT INTO signin_record VALUES(582,233,15);
INSERT INTO signin_record VALUES(583,234,15);
INSERT INTO signin_record VALUES(584,2,16);
INSERT INTO signin_record VALUES(585,20,16);
INSERT INTO signin_record VALUES(586,29,16);
INSERT INTO signin_record VALUES(587,38,16);
INSERT INTO signin_record VALUES(588,50,16);
INSERT INTO signin_record VALUES(589,57,16);
INSERT INTO signin_record VALUES(590,73,16);
INSERT INTO signin_record VALUES(591,76,16);
INSERT INTO signin_record VALUES(592,77,16);
INSERT INTO signin_record VALUES(593,90,16);
INSERT INTO signin_record VALUES(594,104,16);
INSERT INTO signin_record VALUES(595,118,16);
INSERT INTO signin_record VALUES(596,122,16);
INSERT INTO signin_record VALUES(597,123,16);
INSERT INTO signin_record VALUES(598,130,16);
INSERT INTO signin_record VALUES(599,132,16);
INSERT INTO signin_record VALUES(600,149,16);
INSERT INTO signin_record VALUES(601,164,16);
INSERT INTO signin_record VALUES(602,167,16);
INSERT INTO signin_record VALUES(603,168,16);
INSERT INTO signin_record VALUES(604,169,16);
INSERT INTO signin_record VALUES(605,172,16);
INSERT INTO signin_record VALUES(606,173,16);
INSERT INTO signin_record VALUES(607,177,16);
INSERT INTO signin_record VALUES(608,180,16);
INSERT INTO signin_record VALUES(609,186,16);
INSERT INTO signin_record VALUES(610,191,16);
INSERT INTO signin_record VALUES(611,204,16);
INSERT INTO signin_record VALUES(612,209,16);
INSERT INTO signin_record VALUES(613,212,16);
INSERT INTO signin_record VALUES(614,215,16);
INSERT INTO signin_record VALUES(615,225,16);
INSERT INTO signin_record VALUES(616,229,16);
INSERT INTO signin_record VALUES(617,231,16);
INSERT INTO signin_record VALUES(618,234,16);
INSERT INTO signin_record VALUES(619,3,17);
INSERT INTO signin_record VALUES(620,26,17);
INSERT INTO signin_record VALUES(621,28,17);
INSERT INTO signin_record VALUES(622,43,17);
INSERT INTO signin_record VALUES(623,73,17);
INSERT INTO signin_record VALUES(624,81,17);
INSERT INTO signin_record VALUES(625,82,17);
INSERT INTO signin_record VALUES(626,88,17);
INSERT INTO signin_record VALUES(627,122,17);
INSERT INTO signin_record VALUES(628,135,17);
INSERT INTO signin_record VALUES(629,141,17);
INSERT INTO signin_record VALUES(630,164,17);
INSERT INTO signin_record VALUES(631,165,17);
INSERT INTO signin_record VALUES(632,169,17);
INSERT INTO signin_record VALUES(633,179,17);
INSERT INTO signin_record VALUES(634,182,17);
INSERT INTO signin_record VALUES(635,186,17);
INSERT INTO signin_record VALUES(636,191,17);
INSERT INTO signin_record VALUES(637,196,17);
INSERT INTO signin_record VALUES(638,210,17);
INSERT INTO signin_record VALUES(639,234,17);
INSERT INTO signin_record VALUES(640,2,18);
INSERT INTO signin_record VALUES(641,3,18);
INSERT INTO signin_record VALUES(642,22,18);
INSERT INTO signin_record VALUES(643,73,18);
INSERT INTO signin_record VALUES(644,75,18);
INSERT INTO signin_record VALUES(645,76,18);
INSERT INTO signin_record VALUES(646,77,18);
INSERT INTO signin_record VALUES(647,90,18);
INSERT INTO signin_record VALUES(648,104,18);
INSERT INTO signin_record VALUES(649,124,18);
INSERT INTO signin_record VALUES(650,141,18);
INSERT INTO signin_record VALUES(651,164,18);
INSERT INTO signin_record VALUES(652,168,18);
INSERT INTO signin_record VALUES(653,169,18);
INSERT INTO signin_record VALUES(654,173,18);
INSERT INTO signin_record VALUES(655,177,18);
INSERT INTO signin_record VALUES(656,179,18);
INSERT INTO signin_record VALUES(657,182,18);
INSERT INTO signin_record VALUES(658,191,18);
INSERT INTO signin_record VALUES(659,204,18);
INSERT INTO signin_record VALUES(660,206,18);
INSERT INTO signin_record VALUES(661,217,18);
INSERT INTO signin_record VALUES(662,232,18);
INSERT INTO signin_record VALUES(663,233,18);
INSERT INTO signin_record VALUES(664,234,18);
INSERT INTO signin_record VALUES(665,191,19);
INSERT INTO signin_record VALUES(666,234,19);
INSERT INTO signin_record VALUES(668,236,19);
INSERT INTO signin_record VALUES(669,234,20);
INSERT INTO signin_record VALUES(670,191,20);
INSERT INTO signin_record VALUES(671,237,20);
INSERT INTO signin_record VALUES(672,238,20);
INSERT INTO signin_record VALUES(673,239,20);
INSERT INTO signin_record VALUES(674,22,20);
INSERT INTO signin_record VALUES(675,3,20);
INSERT INTO signin_record VALUES(676,240,20);
INSERT INTO signin_record VALUES(677,76,20);
INSERT INTO signin_record VALUES(678,82,20);
INSERT INTO signin_record VALUES(679,81,20);
INSERT INTO signin_record VALUES(680,197,20);
INSERT INTO signin_record VALUES(681,104,20);
INSERT INTO signin_record VALUES(682,69,20);
INSERT INTO signin_record VALUES(683,232,20);
INSERT INTO signin_record VALUES(684,179,20);
INSERT INTO signin_record VALUES(685,75,20);
INSERT INTO signin_record VALUES(686,186,20);
INSERT INTO signin_record VALUES(687,77,20);
INSERT INTO signin_record VALUES(688,182,20);
INSERT INTO signin_record VALUES(689,37,20);
INSERT INTO signin_record VALUES(690,164,20);
INSERT INTO signin_record VALUES(691,20,20);
INSERT INTO signin_record VALUES(692,217,20);
INSERT INTO signin_record VALUES(693,194,20);
INSERT INTO signin_record VALUES(694,72,20);
INSERT INTO signin_record VALUES(695,73,20);
INSERT INTO signin_record VALUES(696,177,20);
INSERT INTO signin_record VALUES(697,168,20);
INSERT INTO signin_record VALUES(698,241,20);
INSERT INTO signin_record VALUES(699,141,20);
INSERT INTO signin_record VALUES(700,90,20);
INSERT INTO signin_record VALUES(701,169,20);
INSERT INTO signin_record VALUES(702,242,20);
INSERT INTO signin_record VALUES(703,204,20);
INSERT INTO signin_record VALUES(704,148,20);
INSERT INTO signin_record VALUES(705,221,20);
INSERT INTO signin_record VALUES(706,22,22);
INSERT INTO signin_record VALUES(707,191,22);
INSERT INTO signin_record VALUES(708,186,22);
INSERT INTO signin_record VALUES(709,69,22);
INSERT INTO signin_record VALUES(710,221,22);
INSERT INTO signin_record VALUES(711,177,23);
INSERT INTO signin_record VALUES(712,167,23);
INSERT INTO signin_record VALUES(713,221,23);
INSERT INTO signin_record VALUES(714,22,23);
INSERT INTO signin_record VALUES(715,77,23);
INSERT INTO signin_record VALUES(716,248,23);
INSERT INTO signin_record VALUES(717,172,23);
INSERT INTO signin_record VALUES(718,249,23);
INSERT INTO signin_record VALUES(719,250,23);
INSERT INTO signin_record VALUES(720,251,23);
INSERT INTO signin_record VALUES(721,73,23);
INSERT INTO signin_record VALUES(722,72,23);
INSERT INTO signin_record VALUES(723,179,23);
INSERT INTO signin_record VALUES(724,232,23);
INSERT INTO signin_record VALUES(725,252,23);
INSERT INTO signin_record VALUES(726,253,23);
INSERT INTO signin_record VALUES(727,20,23);
INSERT INTO signin_record VALUES(728,254,23);
INSERT INTO signin_record VALUES(729,76,23);
INSERT INTO signin_record VALUES(730,255,23);
INSERT INTO signin_record VALUES(731,164,23);
INSERT INTO signin_record VALUES(732,104,23);
INSERT INTO signin_record VALUES(733,69,23);
INSERT INTO signin_record VALUES(734,168,23);
INSERT INTO signin_record VALUES(735,2,23);
INSERT INTO signin_record VALUES(736,204,23);
INSERT INTO signin_record VALUES(737,256,23);
INSERT INTO signin_record VALUES(738,81,23);
INSERT INTO signin_record VALUES(739,82,23);
INSERT INTO signin_record VALUES(740,37,23);
INSERT INTO signin_record VALUES(741,169,23);
INSERT INTO signin_record VALUES(742,3,23);
INSERT INTO signin_record VALUES(743,257,23);
INSERT INTO signin_record VALUES(744,90,23);
INSERT INTO signin_record VALUES(745,258,23);
INSERT INTO signin_record VALUES(746,259,23);
INSERT INTO signin_record VALUES(747,260,23);
INSERT INTO signin_record VALUES(748,261,23);
INSERT INTO signin_record VALUES(749,141,23);
INSERT INTO signin_record VALUES(750,122,25);
INSERT INTO signin_record VALUES(751,179,25);
INSERT INTO signin_record VALUES(752,262,25);
INSERT INTO signin_record VALUES(753,263,25);
INSERT INTO signin_record VALUES(754,227,25);
INSERT INTO signin_record VALUES(755,182,25);
INSERT INTO signin_record VALUES(756,2,25);
INSERT INTO signin_record VALUES(757,264,25);
INSERT INTO signin_record VALUES(758,265,25);
INSERT INTO signin_record VALUES(759,76,25);
INSERT INTO signin_record VALUES(760,225,25);
INSERT INTO signin_record VALUES(761,215,25);
INSERT INTO signin_record VALUES(762,169,25);
INSERT INTO signin_record VALUES(763,217,25);
INSERT INTO signin_record VALUES(764,22,25);
INSERT INTO signin_record VALUES(765,191,25);
INSERT INTO signin_record VALUES(766,20,25);
INSERT INTO signin_record VALUES(767,252,25);
INSERT INTO signin_record VALUES(768,77,25);
INSERT INTO signin_record VALUES(769,69,25);
INSERT INTO signin_record VALUES(770,240,26);
INSERT INTO signin_record VALUES(771,266,27);
INSERT INTO signin_record VALUES(772,267,27);
INSERT INTO signin_record VALUES(773,191,27);
INSERT INTO signin_record VALUES(774,268,27);
INSERT INTO signin_record VALUES(775,269,27);
INSERT INTO signin_record VALUES(776,270,27);
INSERT INTO signin_record VALUES(777,271,27);
INSERT INTO signin_record VALUES(778,272,27);
INSERT INTO signin_record VALUES(779,273,27);
INSERT INTO signin_record VALUES(780,77,27);
INSERT INTO signin_record VALUES(781,20,27);
INSERT INTO signin_record VALUES(782,90,27);
INSERT INTO signin_record VALUES(783,274,27);
INSERT INTO signin_record VALUES(784,275,27);
INSERT INTO signin_record VALUES(785,276,27);
INSERT INTO signin_record VALUES(786,277,27);
INSERT INTO signin_record VALUES(787,278,27);
INSERT INTO signin_record VALUES(788,279,27);
INSERT INTO signin_record VALUES(789,280,27);
INSERT INTO signin_record VALUES(790,281,27);
INSERT INTO signin_record VALUES(791,282,27);
INSERT INTO signin_record VALUES(792,179,27);
INSERT INTO signin_record VALUES(793,283,27);
INSERT INTO signin_record VALUES(794,186,27);
INSERT INTO signin_record VALUES(795,69,27);
INSERT INTO signin_record VALUES(796,284,27);
INSERT INTO signin_record VALUES(797,285,27);
INSERT INTO signin_record VALUES(798,286,27);
INSERT INTO signin_record VALUES(799,287,27);
INSERT INTO signin_record VALUES(800,288,27);
INSERT INTO signin_record VALUES(801,289,27);
INSERT INTO signin_record VALUES(802,290,27);
INSERT INTO signin_record VALUES(803,291,27);
INSERT INTO signin_record VALUES(804,292,27);
INSERT INTO signin_record VALUES(805,293,27);
INSERT INTO signin_record VALUES(806,294,27);
INSERT INTO signin_record VALUES(807,295,27);
INSERT INTO signin_record VALUES(808,217,27);
INSERT INTO signin_record VALUES(809,296,27);
INSERT INTO signin_record VALUES(810,297,27);
INSERT INTO signin_record VALUES(811,298,27);
INSERT INTO signin_record VALUES(812,191,28);
INSERT INTO signin_record VALUES(813,300,28);
INSERT INTO signin_record VALUES(814,268,28);
INSERT INTO signin_record VALUES(815,217,28);
INSERT INTO signin_record VALUES(816,301,28);
INSERT INTO signin_record VALUES(817,169,28);
INSERT INTO signin_record VALUES(818,104,28);
INSERT INTO signin_record VALUES(819,302,28);
INSERT INTO signin_record VALUES(820,179,28);
INSERT INTO signin_record VALUES(821,77,28);
INSERT INTO signin_record VALUES(822,303,28);
INSERT INTO signin_record VALUES(823,20,28);
INSERT INTO signin_record VALUES(824,304,28);
INSERT INTO signin_record VALUES(825,168,28);
INSERT INTO signin_record VALUES(826,305,28);
INSERT INTO signin_record VALUES(827,306,28);
CREATE INDEX auth_group_permissions_1e014c8f ON auth_group_permissions (permission_id);
CREATE INDEX auth_group_permissions_425ae3c4 ON auth_group_permissions (group_id);
CREATE INDEX auth_message_403f60f ON auth_message (user_id);
CREATE INDEX auth_permission_1bb8f392 ON auth_permission (content_type_id);
CREATE INDEX auth_user_groups_403f60f ON auth_user_groups (user_id);
CREATE INDEX auth_user_groups_425ae3c4 ON auth_user_groups (group_id);
CREATE INDEX auth_user_user_permissions_1e014c8f ON auth_user_user_permissions (permission_id);
CREATE INDEX auth_user_user_permissions_403f60f ON auth_user_user_permissions (user_id);
CREATE INDEX csvimport_importmodel_1f71b7a ON csvimport_importmodel (csvimport_id);
CREATE INDEX django_admin_log_1bb8f392 ON django_admin_log (content_type_id);
CREATE INDEX django_admin_log_403f60f ON django_admin_log (user_id);
CREATE INDEX django_session_3da3d3d8 ON django_session (expire_date);
CREATE INDEX signin_professionalrecord_56e38b98 ON signin_professionalrecord (member_id);
CREATE INDEX signin_professionalrecord_cd83209e ON signin_professionalrecord (professional_event_id);
CREATE INDEX signin_record_1647d06b ON signin_record (event_id);
CREATE INDEX signin_record_56e38b98 ON signin_record (member_id);
